College,Candidate Category,Gender,Entry Channel,Count,Min_Rank,Max_Rank,Percentile_40th,Probable_Round
"AIMD - ARUNDATHI INSTITUTE OF MEDICAL SCIENCES, DUNDIGAL",BCA,FEM,GEN,4,292079,311928,305206.4,P2
"AIMD - ARUNDATHI INSTITUTE OF MEDICAL SCIENCES, DUNDIGAL",BCA,GEN,GEN,6,312359,331225,314632.0,P2
"AIMD - ARUNDATHI INSTITUTE OF MEDICAL SCIENCES, DUNDIGAL",BCB,FEM,CAP,1,291141,291141,291141.0,P1
"AIMD - ARUNDATHI INSTITUTE OF MEDICAL SCIENCES, DUNDIGAL",BCB,FEM,GEN,2,177775,178003,177866.2,P1
"AIMD - ARUNDATHI INSTITUTE OF MEDICAL SCIENCES, DUNDIGAL",BCB,GEN,GEN,7,185603,214838,198600.6,P2
"AIMD - ARUNDATHI INSTITUTE OF MEDICAL SCIENCES, DUNDIGAL",BCC,GEN,GEN,2,296526,298198,297194.8,P2
"AIMD - ARUNDATHI INSTITUTE OF MEDICAL SCIENCES, DUNDIGAL",BCD,FEM,GEN,4,195730,202805,197603.8,P2
"AIMD - ARUNDATHI INSTITUTE OF MEDICAL SCIENCES, DUNDIGAL",BCD,GEN,GEN,5,201975,205930,203928.6,P2
"AIMD - ARUNDATHI INSTITUTE OF MEDICAL SCIENCES, DUNDIGAL",BCE,FEM,GEN,1,184764,184764,184764.0,P2
"AIMD - ARUNDATHI INSTITUTE OF MEDICAL SCIENCES, DUNDIGAL",BCE,GEN,GEN,3,175066,188521,184759.6,P2
"AIMD - ARUNDATHI INSTITUTE OF MEDICAL SCIENCES, DUNDIGAL",OPEN,FEM,GEN,8,112263,157822,136749.6,P1
"AIMD - ARUNDATHI INSTITUTE OF MEDICAL SCIENCES, DUNDIGAL",OPEN,GEN,GEN,11,139472,174928,169842.0,P2
"AIMD - ARUNDATHI INSTITUTE OF MEDICAL SCIENCES, DUNDIGAL",SC,FEM,GEN,4,278836,301241,288641.8,P2
"AIMD - ARUNDATHI INSTITUTE OF MEDICAL SCIENCES, DUNDIGAL",SC,GEN,GEN,9,283038,306780,302994.2,P2
"AIMD - ARUNDATHI INSTITUTE OF MEDICAL SCIENCES, DUNDIGAL",ST,FEM,GEN,2,272350,272900,272570.0,P2
"AIMD - ARUNDATHI INSTITUTE OF MEDICAL SCIENCES, DUNDIGAL",ST,GEN,GEN,6,275520,288636,285289.0,P2
"APLO - APOLLO INSTITUTE OF MEDICAL SCIENCES AND RESEARCH, HYD",BCA,FEM,MRC,2,133533,135555,134341.8,P1
"APLO - APOLLO INSTITUTE OF MEDICAL SCIENCES AND RESEARCH, HYD",BCA,GEN,MRC,4,114376,149969,127181.0,P1
"APLO - APOLLO INSTITUTE OF MEDICAL SCIENCES AND RESEARCH, HYD",BCB,FEM,GEN,1,55052,55052,55052.0,P2
"APLO - APOLLO INSTITUTE OF MEDICAL SCIENCES AND RESEARCH, HYD",BCB,FEM,MRC,2,44453,67907,53834.6,P1
"APLO - APOLLO INSTITUTE OF MEDICAL SCIENCES AND RESEARCH, HYD",BCB,GEN,GEN,2,50819,66117,56938.2,P2
"APLO - APOLLO INSTITUTE OF MEDICAL SCIENCES AND RESEARCH, HYD",BCB,GEN,MRC,4,44544,74594,51257.0,P1
"APLO - APOLLO INSTITUTE OF MEDICAL SCIENCES AND RESEARCH, HYD",BCC,GEN,GEN,1,57751,57751,57751.0,P2
"APLO - APOLLO INSTITUTE OF MEDICAL SCIENCES AND RESEARCH, HYD",BCD,FEM,GEN,1,62418,62418,62418.0,P1
"APLO - APOLLO INSTITUTE OF MEDICAL SCIENCES AND RESEARCH, HYD",BCD,FEM,MRC,2,56832,73385,63453.2,P1
"APLO - APOLLO INSTITUTE OF MEDICAL SCIENCES AND RESEARCH, HYD",BCD,GEN,MRC,4,57301,76787,71084.6,P2
"APLO - APOLLO INSTITUTE OF MEDICAL SCIENCES AND RESEARCH, HYD",BCE,FEM,GEN,3,54648,65697,59988.8,P2
"APLO - APOLLO INSTITUTE OF MEDICAL SCIENCES AND RESEARCH, HYD",BCE,GEN,GEN,3,61732,73518,70521.6,P2
"APLO - APOLLO INSTITUTE OF MEDICAL SCIENCES AND RESEARCH, HYD",BCE,GEN,MRC,1,74437,74437,74437.0,P3
"APLO - APOLLO INSTITUTE OF MEDICAL SCIENCES AND RESEARCH, HYD",EWS,FEM,GEN,2,52390,54626,53284.4,P2
"APLO - APOLLO INSTITUTE OF MEDICAL SCIENCES AND RESEARCH, HYD",EWS,FEM,MRC,1,45198,45198,45198.0,P2
"APLO - APOLLO INSTITUTE OF MEDICAL SCIENCES AND RESEARCH, HYD",EWS,GEN,GEN,1,44579,44579,44579.0,P2
"APLO - APOLLO INSTITUTE OF MEDICAL SCIENCES AND RESEARCH, HYD",OPEN,FEM,GEN,5,18924,29430,25623.2,P2
"APLO - APOLLO INSTITUTE OF MEDICAL SCIENCES AND RESEARCH, HYD",OPEN,GEN,GEN,16,25706,37119,32254.0,P1
"APLO - APOLLO INSTITUTE OF MEDICAL SCIENCES AND RESEARCH, HYD",OPEN,GEN,PHO,1,983685,983685,983685.0,P2
"APLO - APOLLO INSTITUTE OF MEDICAL SCIENCES AND RESEARCH, HYD",SC,FEM,GEN,3,172817,178075,173408.2,P1
"APLO - APOLLO INSTITUTE OF MEDICAL SCIENCES AND RESEARCH, HYD",SC,FEM,MRC,1,145879,145879,145879.0,P1
"APLO - APOLLO INSTITUTE OF MEDICAL SCIENCES AND RESEARCH, HYD",SC,GEN,CAP,1,621850,621850,621850.0,P1
"APLO - APOLLO INSTITUTE OF MEDICAL SCIENCES AND RESEARCH, HYD",SC,GEN,GEN,5,141159,183043,178029.6,P1
"APLO - APOLLO INSTITUTE OF MEDICAL SCIENCES AND RESEARCH, HYD",SC,GEN,MRC,1,161105,161105,161105.0,P1
"APLO - APOLLO INSTITUTE OF MEDICAL SCIENCES AND RESEARCH, HYD",ST,FEM,GEN,2,151416,188652,166310.4,P1
"APLO - APOLLO INSTITUTE OF MEDICAL SCIENCES AND RESEARCH, HYD",ST,FEM,MRC,1,152142,152142,152142.0,P2
"APLO - APOLLO INSTITUTE OF MEDICAL SCIENCES AND RESEARCH, HYD",ST,GEN,GEN,4,166845,200153,191598.8,P2
"APLO - APOLLO INSTITUTE OF MEDICAL SCIENCES AND RESEARCH, HYD",ST,GEN,MRC,1,145243,145243,145243.0,P1
AYAN - AYAAN INSTITUTE OF MEDICAL SCIENCES,MIN,FEM,MSM,29,180359,223599,216457.0,P2
AYAN - AYAAN INSTITUTE OF MEDICAL SCIENCES,MIN,GEN,MSM,60,189465,229439,223626.4,P2
"BASK - BHASKAR MEDICAL COLLEGE, MOINABAD, RR",BCA,FEM,GEN,1,193307,193307,193307.0,P1
"BASK - BHASKAR MEDICAL COLLEGE, MOINABAD, RR",BCA,GEN,GEN,4,217699,283790,261428.2,P1
"BASK - BHASKAR MEDICAL COLLEGE, MOINABAD, RR",BCB,FEM,GEN,3,163009,174932,165516.2,P2
"BASK - BHASKAR MEDICAL COLLEGE, MOINABAD, RR",BCB,FEM,MRC,2,160307,164599,162023.8,P2
"BASK - BHASKAR MEDICAL COLLEGE, MOINABAD, RR",BCB,GEN,GEN,2,168725,170889,169590.6,P2
"BASK - BHASKAR MEDICAL COLLEGE, MOINABAD, RR",BCB,GEN,MRC,2,130436,161699,142941.2,P1
"BASK - BHASKAR MEDICAL COLLEGE, MOINABAD, RR",BCC,FEM,GEN,1,265364,265364,265364.0,P2
"BASK - BHASKAR MEDICAL COLLEGE, MOINABAD, RR",BCD,FEM,GEN,1,128098,128098,128098.0,P2
"BASK - BHASKAR MEDICAL COLLEGE, MOINABAD, RR",BCD,FEM,MRC,2,126823,135465,130279.8,P2
"BASK - BHASKAR MEDICAL COLLEGE, MOINABAD, RR",BCD,GEN,GEN,2,156290,159193,157451.2,P2
"BASK - BHASKAR MEDICAL COLLEGE, MOINABAD, RR",BCD,GEN,MRC,1,120885,120885,120885.0,P1
"BASK - BHASKAR MEDICAL COLLEGE, MOINABAD, RR",BCE,FEM,GEN,1,151393,151393,151393.0,P2
"BASK - BHASKAR MEDICAL COLLEGE, MOINABAD, RR",BCE,GEN,GEN,2,141587,141946,141730.6,P2
"BASK - BHASKAR MEDICAL COLLEGE, MOINABAD, RR",EWS,FEM,GEN,1,118062,118062,118062.0,P2
"BASK - BHASKAR MEDICAL COLLEGE, MOINABAD, RR",OPEN,FEM,GEN,8,64695,93238,82615.6,P1
"BASK - BHASKAR MEDICAL COLLEGE, MOINABAD, RR",OPEN,GEN,CAP,1,261444,261444,261444.0,P2
"BASK - BHASKAR MEDICAL COLLEGE, MOINABAD, RR",OPEN,GEN,GEN,22,92322,116933,108484.0,P2
"BASK - BHASKAR MEDICAL COLLEGE, MOINABAD, RR",SC,FEM,GEN,4,237654,251549,244292.6,P1
"BASK - BHASKAR MEDICAL COLLEGE, MOINABAD, RR",SC,GEN,GEN,7,239053,265643,259320.6,P1
"BASK - BHASKAR MEDICAL COLLEGE, MOINABAD, RR",ST,FEM,GEN,2,239447,267424,250637.8,P1
"BASK - BHASKAR MEDICAL COLLEGE, MOINABAD, RR",ST,GEN,GEN,6,237380,268807,257149.0,P2
"CARK - C ANANDA RAO IINSTITUTE OF MEDICAL SCIENCES, KARIMNAGAR",BCA,FEM,GEN,3,222139,287258,263438.2,P2
"CARK - C ANANDA RAO IINSTITUTE OF MEDICAL SCIENCES, KARIMNAGAR",BCA,GEN,GEN,6,220910,307602,301050.0,P2
"CARK - C ANANDA RAO IINSTITUTE OF MEDICAL SCIENCES, KARIMNAGAR",BCB,FEM,CAP,1,322225,322225,322225.0,P2
"CARK - C ANANDA RAO IINSTITUTE OF MEDICAL SCIENCES, KARIMNAGAR",BCB,GEN,GEN,9,171168,190015,181548.2,P2
"CARK - C ANANDA RAO IINSTITUTE OF MEDICAL SCIENCES, KARIMNAGAR",BCC,GEN,GEN,2,237114,265431,248440.8,P1
"CARK - C ANANDA RAO IINSTITUTE OF MEDICAL SCIENCES, KARIMNAGAR",BCD,GEN,GEN,2,165897,167274,166447.8,P2
"CARK - C ANANDA RAO IINSTITUTE OF MEDICAL SCIENCES, KARIMNAGAR",BCD,GEN,MRC,1,163485,163485,163485.0,P2
"CARK - C ANANDA RAO IINSTITUTE OF MEDICAL SCIENCES, KARIMNAGAR",BCE,GEN,GEN,2,171120,201122,183120.8,P2
"CARK - C ANANDA RAO IINSTITUTE OF MEDICAL SCIENCES, KARIMNAGAR",OPEN,FEM,GEN,18,92872,149847,125712.20000000001,P2
"CARK - C ANANDA RAO IINSTITUTE OF MEDICAL SCIENCES, KARIMNAGAR",OPEN,GEN,GEN,27,101131,163105,152120.6,P2
"CARK - C ANANDA RAO IINSTITUTE OF MEDICAL SCIENCES, KARIMNAGAR",SC,FEM,GEN,6,237559,276923,265746.0,P2
"CARK - C ANANDA RAO IINSTITUTE OF MEDICAL SCIENCES, KARIMNAGAR",SC,GEN,GEN,12,267764,290272,284035.4,P2
"CARK - C ANANDA RAO IINSTITUTE OF MEDICAL SCIENCES, KARIMNAGAR",ST,FEM,GEN,3,194419,257478,241310.2,P2
"CARK - C ANANDA RAO IINSTITUTE OF MEDICAL SCIENCES, KARIMNAGAR",ST,GEN,GEN,8,240864,270436,265985.2,P2
"CMRM - CMR INSTITUTE OF MEDICAL SCIENCES, KANDALKOYA, MEDCHAL",BCA,FEM,GEN,2,311562,316565,313563.2,P2
"CMRM - CMR INSTITUTE OF MEDICAL SCIENCES, KANDALKOYA, MEDCHAL",BCA,GEN,GEN,4,318790,331231,324407.0,P2
"CMRM - CMR INSTITUTE OF MEDICAL SCIENCES, KANDALKOYA, MEDCHAL",BCB,FEM,GEN,3,177096,206052,200237.6,P2
"CMRM - CMR INSTITUTE OF MEDICAL SCIENCES, KANDALKOYA, MEDCHAL",BCB,GEN,GEN,8,210301,212681,210927.6,P2
"CMRM - CMR INSTITUTE OF MEDICAL SCIENCES, KANDALKOYA, MEDCHAL",BCC,FEM,GEN,1,297032,297032,297032.0,P2
"CMRM - CMR INSTITUTE OF MEDICAL SCIENCES, KANDALKOYA, MEDCHAL",BCD,FEM,GEN,2,176348,180913,178174.0,P2
"CMRM - CMR INSTITUTE OF MEDICAL SCIENCES, KANDALKOYA, MEDCHAL",BCD,GEN,GEN,5,186516,204589,199870.6,P3
"CMRM - CMR INSTITUTE OF MEDICAL SCIENCES, KANDALKOYA, MEDCHAL",BCE,FEM,GEN,1,185798,185798,185798.0,P2
"CMRM - CMR INSTITUTE OF MEDICAL SCIENCES, KANDALKOYA, MEDCHAL",BCE,GEN,GEN,2,187162,191908,189060.4,P2
"CMRM - CMR INSTITUTE OF MEDICAL SCIENCES, KANDALKOYA, MEDCHAL",OPEN,FEM,GEN,8,67922,145155,129261.8,P1
"CMRM - CMR INSTITUTE OF MEDICAL SCIENCES, KANDALKOYA, MEDCHAL",OPEN,GEN,GEN,16,122888,172224,148506.0,P2
"CMRM - CMR INSTITUTE OF MEDICAL SCIENCES, KANDALKOYA, MEDCHAL",SC,FEM,CAP,1,713442,713442,713442.0,P1
"CMRM - CMR INSTITUTE OF MEDICAL SCIENCES, KANDALKOYA, MEDCHAL",SC,FEM,GEN,6,248151,276906,270411.0,P2
"CMRM - CMR INSTITUTE OF MEDICAL SCIENCES, KANDALKOYA, MEDCHAL",SC,GEN,GEN,7,256313,299855,290615.0,P2
"CMRM - CMR INSTITUTE OF MEDICAL SCIENCES, KANDALKOYA, MEDCHAL",ST,FEM,GEN,3,270712,278715,271118.4,P3
"CMRM - CMR INSTITUTE OF MEDICAL SCIENCES, KANDALKOYA, MEDCHAL",ST,GEN,GEN,6,273658,285210,280189.0,P2
DCMS - DECCAN COLLEGE OF MEDICAL SCIENCES,MIN,FEM,MSM,30,51643,96301,80083.8,P1
DCMS - DECCAN COLLEGE OF MEDICAL SCIENCES,MIN,GEN,MSM,58,28339,124092,99411.8,P1
"DPMR - DR PATNAM MAHENDER REDDY INST OF MED SCI, CHEVELLA",BCA,FEM,GEN,1,317073,317073,317073.0,P2
"DPMR - DR PATNAM MAHENDER REDDY INST OF MED SCI, CHEVELLA",BCA,GEN,GEN,5,290239,316881,314219.8,P2
"DPMR - DR PATNAM MAHENDER REDDY INST OF MED SCI, CHEVELLA",BCB,FEM,GEN,4,197208,212240,210866.4,P2
"DPMR - DR PATNAM MAHENDER REDDY INST OF MED SCI, CHEVELLA",BCB,GEN,CAP,1,297186,297186,297186.0,P1
"DPMR - DR PATNAM MAHENDER REDDY INST OF MED SCI, CHEVELLA",BCB,GEN,GEN,7,193286,214793,212725.4,P2
"DPMR - DR PATNAM MAHENDER REDDY INST OF MED SCI, CHEVELLA",BCC,GEN,GEN,1,270540,270540,270540.0,P2
"DPMR - DR PATNAM MAHENDER REDDY INST OF MED SCI, CHEVELLA",BCD,FEM,GEN,4,183722,204694,199047.0,P2
"DPMR - DR PATNAM MAHENDER REDDY INST OF MED SCI, CHEVELLA",BCD,GEN,GEN,6,194687,207460,205898.0,P2
"DPMR - DR PATNAM MAHENDER REDDY INST OF MED SCI, CHEVELLA",BCE,GEN,GEN,2,185252,198572,190580.0,P2
"DPMR - DR PATNAM MAHENDER REDDY INST OF MED SCI, CHEVELLA",OPEN,FEM,GEN,8,121579,155404,142599.4,P1
"DPMR - DR PATNAM MAHENDER REDDY INST OF MED SCI, CHEVELLA",OPEN,GEN,GEN,16,142830,183701,163160.0,P2
"DPMR - DR PATNAM MAHENDER REDDY INST OF MED SCI, CHEVELLA",SC,FEM,GEN,5,261071,297272,285756.0,P2
"DPMR - DR PATNAM MAHENDER REDDY INST OF MED SCI, CHEVELLA",SC,GEN,GEN,7,287082,302593,298617.8,P2
"DPMR - DR PATNAM MAHENDER REDDY INST OF MED SCI, CHEVELLA",ST,FEM,GEN,3,270457,277081,270501.8,P1
"DPMR - DR PATNAM MAHENDER REDDY INST OF MED SCI, CHEVELLA",ST,GEN,GEN,5,247636,284118,273626.6,P2
"ESIM - ESI  MEDICAL COLLEGE, SANATHNAGAR, HYD",BCA,FEM,MRC,1,90728,90728,90728.0,P2
"ESIM - ESI  MEDICAL COLLEGE, SANATHNAGAR, HYD",BCA,GEN,GEN,1,86840,86840,86840.0,P1
"ESIM - ESI  MEDICAL COLLEGE, SANATHNAGAR, HYD",BCA,GEN,MRC,3,92962,107313,93689.2,P2
"ESIM - ESI  MEDICAL COLLEGE, SANATHNAGAR, HYD",BCB,FEM,MRC,1,30557,30557,30557.0,P1
"ESIM - ESI  MEDICAL COLLEGE, SANATHNAGAR, HYD",BCB,GEN,GEN,1,33030,33030,33030.0,P2
"ESIM - ESI  MEDICAL COLLEGE, SANATHNAGAR, HYD",BCB,GEN,MRC,6,30076,39214,38002.0,P2
"ESIM - ESI  MEDICAL COLLEGE, SANATHNAGAR, HYD",BCD,FEM,GEN,1,35255,35255,35255.0,P2
"ESIM - ESI  MEDICAL COLLEGE, SANATHNAGAR, HYD",BCD,FEM,MRC,1,29960,29960,29960.0,P1
"ESIM - ESI  MEDICAL COLLEGE, SANATHNAGAR, HYD",BCD,GEN,MRC,3,32661,43724,40516.2,P2
"ESIM - ESI  MEDICAL COLLEGE, SANATHNAGAR, HYD",BCE,FEM,GEN,1,49862,49862,49862.0,P2
"ESIM - ESI  MEDICAL COLLEGE, SANATHNAGAR, HYD",BCE,GEN,GEN,1,42934,42934,42934.0,P2
"ESIM - ESI  MEDICAL COLLEGE, SANATHNAGAR, HYD",EWS,FEM,MRC,2,38661,39066,38823.0,P1
"ESIM - ESI  MEDICAL COLLEGE, SANATHNAGAR, HYD",EWS,GEN,GEN,1,41868,41868,41868.0,P2
"ESIM - ESI  MEDICAL COLLEGE, SANATHNAGAR, HYD",EWS,GEN,MRC,6,37860,44032,39207.0,P1
"ESIM - ESI  MEDICAL COLLEGE, SANATHNAGAR, HYD",OPEN,FEM,GEN,8,1446,20829,14959.0,P1
"ESIM - ESI  MEDICAL COLLEGE, SANATHNAGAR, HYD",OPEN,GEN,GEN,10,16553,24501,21949.6,P2
"ESIM - ESI  MEDICAL COLLEGE, SANATHNAGAR, HYD",OPEN,GEN,PHO,1,583440,583440,583440.0,P1
"ESIM - ESI  MEDICAL COLLEGE, SANATHNAGAR, HYD",SC,FEM,GEN,2,98202,107104,101762.8,P1
"ESIM - ESI  MEDICAL COLLEGE, SANATHNAGAR, HYD",SC,FEM,MRC,2,94126,111758,101178.8,P1
"ESIM - ESI  MEDICAL COLLEGE, SANATHNAGAR, HYD",SC,GEN,GEN,2,113419,114683,113924.6,P1
"ESIM - ESI  MEDICAL COLLEGE, SANATHNAGAR, HYD",SC,GEN,MRC,3,113385,117838,114545.8,P2
"ESIM - ESI  MEDICAL COLLEGE, SANATHNAGAR, HYD",ST,FEM,GEN,2,138729,141979,140029.0,P2
"ESIM - ESI  MEDICAL COLLEGE, SANATHNAGAR, HYD",ST,GEN,GEN,1,122825,122825,122825.0,P1
"ESIM - ESI  MEDICAL COLLEGE, SANATHNAGAR, HYD",ST,GEN,MRC,3,117470,144827,131894.8,P1
"FCIM - FATHER COLOMBO INSTITUTE OF MEDICAL SCIENCES, WARANGAL",BCA,FEM,GEN,4,318526,331596,326954.0,P2
"FCIM - FATHER COLOMBO INSTITUTE OF MEDICAL SCIENCES, WARANGAL",BCA,GEN,GEN,4,333069,335411,334541.2,P2
"FCIM - FATHER COLOMBO INSTITUTE OF MEDICAL SCIENCES, WARANGAL",BCB,FEM,GEN,6,209027,226461,220705.0,P2
"FCIM - FATHER COLOMBO INSTITUTE OF MEDICAL SCIENCES, WARANGAL",BCB,GEN,GEN,9,223524,228843,226689.2,P2
"FCIM - FATHER COLOMBO INSTITUTE OF MEDICAL SCIENCES, WARANGAL",BCC,FEM,GEN,1,309851,309851,309851.0,P2
"FCIM - FATHER COLOMBO INSTITUTE OF MEDICAL SCIENCES, WARANGAL",BCD,FEM,GEN,4,204372,210579,207050.8,P2
"FCIM - FATHER COLOMBO INSTITUTE OF MEDICAL SCIENCES, WARANGAL",BCD,GEN,GEN,9,206070,212816,212039.6,P2
"FCIM - FATHER COLOMBO INSTITUTE OF MEDICAL SCIENCES, WARANGAL",BCE,FEM,GEN,1,222175,222175,222175.0,P3
"FCIM - FATHER COLOMBO INSTITUTE OF MEDICAL SCIENCES, WARANGAL",BCE,GEN,GEN,2,216201,220822,218049.4,P2
"FCIM - FATHER COLOMBO INSTITUTE OF MEDICAL SCIENCES, WARANGAL",OPEN,FEM,GEN,4,165827,197425,192755.8,P2
"FCIM - FATHER COLOMBO INSTITUTE OF MEDICAL SCIENCES, WARANGAL",OPEN,GEN,GEN,8,190277,198752,196643.6,P3
"FCIM - FATHER COLOMBO INSTITUTE OF MEDICAL SCIENCES, WARANGAL",SC,FEM,CAP,1,952241,952241,952241.0,P1
"FCIM - FATHER COLOMBO INSTITUTE OF MEDICAL SCIENCES, WARANGAL",SC,FEM,GEN,4,288656,297056,292451.8,P2
"FCIM - FATHER COLOMBO INSTITUTE OF MEDICAL SCIENCES, WARANGAL",SC,GEN,GEN,9,298920,310048,307543.8,P2
"FCIM - FATHER COLOMBO INSTITUTE OF MEDICAL SCIENCES, WARANGAL",ST,FEM,GEN,3,273863,293873,288736.6,P3
"FCIM - FATHER COLOMBO INSTITUTE OF MEDICAL SCIENCES, WARANGAL",ST,GEN,GEN,6,273817,293753,285872.0,P3
"GAND - GANDHI MEDICAL COLLEGE, SECUNDERABAD",BCA,FEM,MRC,5,13957,35756,29180.6,P1
"GAND - GANDHI MEDICAL COLLEGE, SECUNDERABAD",BCA,GEN,GEN,3,23175,40321,30581.4,P1
"GAND - GANDHI MEDICAL COLLEGE, SECUNDERABAD",BCA,GEN,MRC,6,15097,43324,22163.0,P1
"GAND - GANDHI MEDICAL COLLEGE, SECUNDERABAD",BCA,GEN,PHO,1,962963,962963,962963.0,P1
"GAND - GANDHI MEDICAL COLLEGE, SECUNDERABAD",BCB,FEM,MRC,6,11712,16296,13825.0,P1
"GAND - GANDHI MEDICAL COLLEGE, SECUNDERABAD",BCB,FEM,PHO,1,973150,973150,973150.0,P1
"GAND - GANDHI MEDICAL COLLEGE, SECUNDERABAD",BCB,GEN,MRC,15,12302,21775,18359.8,P1
"GAND - GANDHI MEDICAL COLLEGE, SECUNDERABAD",BCC,FEM,MRC,1,32168,32168,32168.0,P2
"GAND - GANDHI MEDICAL COLLEGE, SECUNDERABAD",BCC,GEN,MRC,1,26662,26662,26662.0,P1
"GAND - GANDHI MEDICAL COLLEGE, SECUNDERABAD",BCD,FEM,MRC,5,11603,16348,14189.6,P1
"GAND - GANDHI MEDICAL COLLEGE, SECUNDERABAD",BCD,GEN,MRC,9,11669,19633,17186.2,P1
"GAND - GANDHI MEDICAL COLLEGE, SECUNDERABAD",BCD,GEN,PHO,1,465271,465271,465271.0,P1
"GAND - GANDHI MEDICAL COLLEGE, SECUNDERABAD",BCE,FEM,MRC,2,12446,13477,12858.4,P1
"GAND - GANDHI MEDICAL COLLEGE, SECUNDERABAD",BCE,GEN,MRC,5,15580,29495,17717.8,P1
"GAND - GANDHI MEDICAL COLLEGE, SECUNDERABAD",EWS,FEM,MRC,8,13354,24527,19703.2,P1
"GAND - GANDHI MEDICAL COLLEGE, SECUNDERABAD",EWS,GEN,MRC,17,16038,37190,29570.0,P1
"GAND - GANDHI MEDICAL COLLEGE, SECUNDERABAD",OPEN,FEM,CAP,1,20445,20445,20445.0,P1
"GAND - GANDHI MEDICAL COLLEGE, SECUNDERABAD",OPEN,FEM,GEN,25,3677,9591,4998.8,P1
"GAND - GANDHI MEDICAL COLLEGE, SECUNDERABAD",OPEN,FEM,PHO,1,325909,325909,325909.0,P1
"GAND - GANDHI MEDICAL COLLEGE, SECUNDERABAD",OPEN,GEN,GEN,50,3077,11448,7206.0,P1
"GAND - GANDHI MEDICAL COLLEGE, SECUNDERABAD",OPEN,GEN,PHO,2,176501,366508,252503.8,P1
"GAND - GANDHI MEDICAL COLLEGE, SECUNDERABAD",SC,FEM,GEN,1,32361,32361,32361.0,P1
"GAND - GANDHI MEDICAL COLLEGE, SECUNDERABAD",SC,FEM,MRC,9,29620,63742,39010.0,P1
"GAND - GANDHI MEDICAL COLLEGE, SECUNDERABAD",SC,FEM,PHO,1,855776,855776,855776.0,P1
"GAND - GANDHI MEDICAL COLLEGE, SECUNDERABAD",SC,GEN,GEN,7,29716,74746,55265.00000000001,P1
"GAND - GANDHI MEDICAL COLLEGE, SECUNDERABAD",SC,GEN,MRC,15,12473,77168,56552.4,P1
"GAND - GANDHI MEDICAL COLLEGE, SECUNDERABAD",ST,FEM,GEN,2,67494,72588,69531.6,P1
"GAND - GANDHI MEDICAL COLLEGE, SECUNDERABAD",ST,FEM,MRC,3,84691,91625,89937.4,P2
"GAND - GANDHI MEDICAL COLLEGE, SECUNDERABAD",ST,FEM,PHO,1,406964,406964,406964.0,P1
"GAND - GANDHI MEDICAL COLLEGE, SECUNDERABAD",ST,GEN,GEN,8,68004,98866,75704.2,P1
"GAND - GANDHI MEDICAL COLLEGE, SECUNDERABAD",ST,GEN,MRC,8,12565,99902,63709.8,P1
"GASF - GOVT MEDICAL COLLEGE, KUMURAM BHEEM ASIFABAD",BCA,FEM,GEN,4,301140,304068,302715.0,P2
"GASF - GOVT MEDICAL COLLEGE, KUMURAM BHEEM ASIFABAD",BCA,GEN,GEN,4,258147,302378,268905.6,P1
"GASF - GOVT MEDICAL COLLEGE, KUMURAM BHEEM ASIFABAD",BCB,FEM,GEN,7,191566,203236,200621.4,P2
"GASF - GOVT MEDICAL COLLEGE, KUMURAM BHEEM ASIFABAD",BCB,GEN,CAP,1,424855,424855,424855.0,P2
"GASF - GOVT MEDICAL COLLEGE, KUMURAM BHEEM ASIFABAD",BCB,GEN,GEN,12,197803,209297,203872.4,P2
"GASF - GOVT MEDICAL COLLEGE, KUMURAM BHEEM ASIFABAD",BCC,GEN,GEN,1,256311,256311,256311.0,P1
"GASF - GOVT MEDICAL COLLEGE, KUMURAM BHEEM ASIFABAD",BCD,FEM,GEN,3,186202,190454,187662.0,P2
"GASF - GOVT MEDICAL COLLEGE, KUMURAM BHEEM ASIFABAD",BCD,GEN,GEN,7,192140,200504,193576.2,P3
"GASF - GOVT MEDICAL COLLEGE, KUMURAM BHEEM ASIFABAD",BCE,FEM,GEN,1,211780,211780,211780.0,P2
"GASF - GOVT MEDICAL COLLEGE, KUMURAM BHEEM ASIFABAD",BCE,GEN,GEN,7,211773,214874,213883.6,P2
"GASF - GOVT MEDICAL COLLEGE, KUMURAM BHEEM ASIFABAD",OPEN,FEM,GEN,4,164377,181913,167486.2,P2
"GASF - GOVT MEDICAL COLLEGE, KUMURAM BHEEM ASIFABAD",OPEN,GEN,GEN,9,160686,184738,182573.4,P2
"GASF - GOVT MEDICAL COLLEGE, KUMURAM BHEEM ASIFABAD",SC,FEM,GEN,4,280281,283606,281845.8,P2
"GASF - GOVT MEDICAL COLLEGE, KUMURAM BHEEM ASIFABAD",SC,GEN,GEN,10,254551,283921,280561.0,P2
"GASF - GOVT MEDICAL COLLEGE, KUMURAM BHEEM ASIFABAD",ST,FEM,GEN,4,201580,267508,248253.4,P2
"GASF - GOVT MEDICAL COLLEGE, KUMURAM BHEEM ASIFABAD",ST,GEN,GEN,7,253439,267799,260889.4,P2
"GGWL - GOVT MEDICAL COLLEGE, GADWAL",BCA,FEM,GEN,1,303050,303050,303050.0,P2
"GGWL - GOVT MEDICAL COLLEGE, GADWAL",BCA,GEN,GEN,3,297517,304074,301680.2,P2
"GGWL - GOVT MEDICAL COLLEGE, GADWAL",BCB,FEM,GEN,2,197059,201556,198857.8,P2
"GGWL - GOVT MEDICAL COLLEGE, GADWAL",BCB,GEN,GEN,5,199075,206697,205413.6,P2
"GGWL - GOVT MEDICAL COLLEGE, GADWAL",BCD,FEM,GEN,2,197343,200014,198411.4,P2
"GGWL - GOVT MEDICAL COLLEGE, GADWAL",BCD,GEN,GEN,4,184553,201377,198264.2,P2
"GGWL - GOVT MEDICAL COLLEGE, GADWAL",BCE,FEM,GEN,1,206255,206255,206255.0,P2
"GGWL - GOVT MEDICAL COLLEGE, GADWAL",BCE,GEN,GEN,3,203122,210260,207759.6,P2
"GGWL - GOVT MEDICAL COLLEGE, GADWAL",OPEN,FEM,GEN,4,147512,180651,166628.8,P2
"GGWL - GOVT MEDICAL COLLEGE, GADWAL",OPEN,GEN,GEN,5,177491,204473,182904.8,P2
"GGWL - GOVT MEDICAL COLLEGE, GADWAL",OPEN,GEN,PHO,1,644211,644211,644211.0,P1
"GGWL - GOVT MEDICAL COLLEGE, GADWAL",SC,FEM,GEN,2,247609,269311,256289.8,P2
"GGWL - GOVT MEDICAL COLLEGE, GADWAL",SC,GEN,GEN,5,272656,280528,278011.2,P2
"GGWL - GOVT MEDICAL COLLEGE, GADWAL",ST,FEM,GEN,1,253083,253083,253083.0,P3
"GGWL - GOVT MEDICAL COLLEGE, GADWAL",ST,GEN,GEN,4,257584,262539,260429.8,P2
"GJBP - GOVT MEDICAL COLLEGE, JAYASHANKAR BHUPALPALLY",BCA,FEM,GEN,2,268932,277127,272210.0,P2
"GJBP - GOVT MEDICAL COLLEGE, JAYASHANKAR BHUPALPALLY",BCA,GEN,GEN,6,284585,302490,298719.0,P2
"GJBP - GOVT MEDICAL COLLEGE, JAYASHANKAR BHUPALPALLY",BCB,FEM,GEN,5,190745,194366,193641.0,P2
"GJBP - GOVT MEDICAL COLLEGE, JAYASHANKAR BHUPALPALLY",BCB,GEN,GEN,13,193114,199024,196848.2,P2
"GJBP - GOVT MEDICAL COLLEGE, JAYASHANKAR BHUPALPALLY",BCC,GEN,GEN,2,237536,246605,241163.6,P1
"GJBP - GOVT MEDICAL COLLEGE, JAYASHANKAR BHUPALPALLY",BCD,FEM,CAP,1,333277,333277,333277.0,P2
"GJBP - GOVT MEDICAL COLLEGE, JAYASHANKAR BHUPALPALLY",BCD,FEM,GEN,4,183425,187396,186377.4,P2
"GJBP - GOVT MEDICAL COLLEGE, JAYASHANKAR BHUPALPALLY",BCD,GEN,GEN,8,183762,190030,186883.8,P2
"GJBP - GOVT MEDICAL COLLEGE, JAYASHANKAR BHUPALPALLY",BCE,FEM,GEN,1,211067,211067,211067.0,P2
"GJBP - GOVT MEDICAL COLLEGE, JAYASHANKAR BHUPALPALLY",BCE,GEN,GEN,2,194889,197550,195953.4,P2
"GJBP - GOVT MEDICAL COLLEGE, JAYASHANKAR BHUPALPALLY",OPEN,FEM,GEN,4,176481,180684,179578.4,P2
"GJBP - GOVT MEDICAL COLLEGE, JAYASHANKAR BHUPALPALLY",OPEN,GEN,GEN,7,173621,182691,181913.2,P2
"GJBP - GOVT MEDICAL COLLEGE, JAYASHANKAR BHUPALPALLY",SC,FEM,GEN,7,248142,276907,274362.2,P2
"GJBP - GOVT MEDICAL COLLEGE, JAYASHANKAR BHUPALPALLY",SC,GEN,GEN,13,257699,281781,277119.0,P2
"GJBP - GOVT MEDICAL COLLEGE, JAYASHANKAR BHUPALPALLY",ST,FEM,GEN,3,251443,253260,252834.2,P2
"GJBP - GOVT MEDICAL COLLEGE, JAYASHANKAR BHUPALPALLY",ST,GEN,GEN,7,239183,255193,243911.4,P2
"GJGN - GOVT MEDICAL COLLEGE, JANGAON",BCA,FEM,GEN,3,253074,263892,253086.0,P2
"GJGN - GOVT MEDICAL COLLEGE, JANGAON",BCA,GEN,GEN,4,259234,282169,269056.2,P2
"GJGN - GOVT MEDICAL COLLEGE, JANGAON",BCB,FEM,GEN,2,169597,177755,172860.2,P2
"GJGN - GOVT MEDICAL COLLEGE, JANGAON",BCB,GEN,GEN,14,174296,190203,184767.8,P2
"GJGN - GOVT MEDICAL COLLEGE, JANGAON",BCC,GEN,GEN,1,201383,201383,201383.0,P1
"GJGN - GOVT MEDICAL COLLEGE, JANGAON",BCD,GEN,GEN,4,178044,181895,179355.6,P2
"GJGN - GOVT MEDICAL COLLEGE, JANGAON",BCE,FEM,CAP,1,528734,528734,528734.0,P1
"GJGN - GOVT MEDICAL COLLEGE, JANGAON",BCE,GEN,GEN,4,175203,194247,180020.8,P2
"GJGN - GOVT MEDICAL COLLEGE, JANGAON",EWS,FEM,GEN,1,173695,173695,173695.0,P2
"GJGN - GOVT MEDICAL COLLEGE, JANGAON",OPEN,FEM,GEN,13,122152,155991,139676.0,P2
"GJGN - GOVT MEDICAL COLLEGE, JANGAON",OPEN,GEN,GEN,12,142280,169817,162511.6,P2
"GJGN - GOVT MEDICAL COLLEGE, JANGAON",SC,FEM,GEN,4,224918,240410,229118.8,P2
"GJGN - GOVT MEDICAL COLLEGE, JANGAON",SC,GEN,GEN,12,243622,263832,253456.6,P2
"GJGN - GOVT MEDICAL COLLEGE, JANGAON",ST,FEM,GEN,4,203159,239091,220457.6,P2
"GJGN - GOVT MEDICAL COLLEGE, JANGAON",ST,GEN,GEN,6,228130,249997,245392.0,P2
"GJTL - GOVT MEDICAL COLLEGE, JAGITYAL",BCA,FEM,GEN,4,245347,254545,246263.6,P2
"GJTL - GOVT MEDICAL COLLEGE, JAGITYAL",BCA,GEN,GEN,8,239020,276977,263727.0,P2
"GJTL - GOVT MEDICAL COLLEGE, JAGITYAL",BCB,GEN,GEN,3,168287,176345,173744.6,P2
"GJTL - GOVT MEDICAL COLLEGE, JAGITYAL",BCC,FEM,GEN,1,192926,192926,192926.0,P1
"GJTL - GOVT MEDICAL COLLEGE, JAGITYAL",BCD,FEM,GEN,2,173534,173550,173540.4,P2
"GJTL - GOVT MEDICAL COLLEGE, JAGITYAL",BCD,GEN,GEN,10,169834,181040,178695.8,P2
"GJTL - GOVT MEDICAL COLLEGE, JAGITYAL",BCE,FEM,GEN,1,173554,173554,173554.0,P2
"GJTL - GOVT MEDICAL COLLEGE, JAGITYAL",BCE,GEN,GEN,4,172057,179780,177148.0,P2
"GJTL - GOVT MEDICAL COLLEGE, JAGITYAL",EWS,FEM,GEN,1,173724,173724,173724.0,P2
"GJTL - GOVT MEDICAL COLLEGE, JAGITYAL",OPEN,FEM,GEN,24,91603,155482,146123.4,P2
"GJTL - GOVT MEDICAL COLLEGE, JAGITYAL",OPEN,GEN,GEN,32,134263,171231,158615.4,P2
"GJTL - GOVT MEDICAL COLLEGE, JAGITYAL",SC,FEM,GEN,8,205134,251444,235240.0,P1
"GJTL - GOVT MEDICAL COLLEGE, JAGITYAL",SC,GEN,GEN,14,221990,257703,237262.8,P1
"GJTL - GOVT MEDICAL COLLEGE, JAGITYAL",ST,FEM,GEN,4,224418,228492,225714.8,P1
"GJTL - GOVT MEDICAL COLLEGE, JAGITYAL",ST,GEN,GEN,12,229708,245244,238591.8,P2
"GKHM - GOVT MEDICAL COLLEGE, KHAMMAM",BCA,FEM,GEN,2,203209,209126,205575.8,P1
"GKHM - GOVT MEDICAL COLLEGE, KHAMMAM",BCA,GEN,GEN,4,222527,243781,234837.4,P2
"GKHM - GOVT MEDICAL COLLEGE, KHAMMAM",BCB,FEM,GEN,1,151366,151366,151366.0,P2
"GKHM - GOVT MEDICAL COLLEGE, KHAMMAM",BCB,GEN,GEN,2,147057,152490,149230.2,P2
"GKHM - GOVT MEDICAL COLLEGE, KHAMMAM",BCC,GEN,GEN,1,176379,176379,176379.0,P1
"GKHM - GOVT MEDICAL COLLEGE, KHAMMAM",BCD,GEN,GEN,2,140817,152677,145561.0,P2
"GKHM - GOVT MEDICAL COLLEGE, KHAMMAM",BCD,GEN,MRC,1,147802,147802,147802.0,P2
"GKHM - GOVT MEDICAL COLLEGE, KHAMMAM",BCE,GEN,GEN,2,161437,161696,161540.6,P2
"GKHM - GOVT MEDICAL COLLEGE, KHAMMAM",BCE,GEN,MRC,1,148646,148646,148646.0,P2
"GKHM - GOVT MEDICAL COLLEGE, KHAMMAM",EWS,FEM,GEN,2,147394,150126,148486.8,P2
"GKHM - GOVT MEDICAL COLLEGE, KHAMMAM",EWS,GEN,GEN,2,142439,147649,144523.0,P2
"GKHM - GOVT MEDICAL COLLEGE, KHAMMAM",OPEN,FEM,GEN,13,88254,129215,111879.20000000001,P2
"GKHM - GOVT MEDICAL COLLEGE, KHAMMAM",OPEN,GEN,CAP,1,268845,268845,268845.0,P2
"GKHM - GOVT MEDICAL COLLEGE, KHAMMAM",OPEN,GEN,GEN,23,82806,140727,127607.0,P2
"GKHM - GOVT MEDICAL COLLEGE, KHAMMAM",SC,FEM,GEN,4,173558,210887,208271.6,P2
"GKHM - GOVT MEDICAL COLLEGE, KHAMMAM",SC,FEM,MRC,1,153943,153943,153943.0,P1
"GKHM - GOVT MEDICAL COLLEGE, KHAMMAM",SC,GEN,GEN,10,211853,222500,215681.4,P1
"GKHM - GOVT MEDICAL COLLEGE, KHAMMAM",ST,FEM,GEN,3,203714,211318,204718.8,P1
"GKHM - GOVT MEDICAL COLLEGE, KHAMMAM",ST,GEN,GEN,9,185970,217967,206357.4,P1
"GKMR - GOVT MEDICAL COLLEGE, KAMAREDDY",BCA,FEM,GEN,3,216055,231308,226216.6,P2
"GKMR - GOVT MEDICAL COLLEGE, KAMAREDDY",BCA,GEN,GEN,4,256112,276957,258364.6,P2
"GKMR - GOVT MEDICAL COLLEGE, KAMAREDDY",BCB,GEN,GEN,3,173501,175055,173654.6,P2
"GKMR - GOVT MEDICAL COLLEGE, KAMAREDDY",BCC,GEN,GEN,1,192985,192985,192985.0,P1
"GKMR - GOVT MEDICAL COLLEGE, KAMAREDDY",BCD,FEM,GEN,1,170073,170073,170073.0,P2
"GKMR - GOVT MEDICAL COLLEGE, KAMAREDDY",BCD,GEN,GEN,3,172254,174954,172787.6,P2
"GKMR - GOVT MEDICAL COLLEGE, KAMAREDDY",BCE,GEN,GEN,1,171087,171087,171087.0,P2
"GKMR - GOVT MEDICAL COLLEGE, KAMAREDDY",OPEN,FEM,GEN,17,104195,154923,138508.0,P2
"GKMR - GOVT MEDICAL COLLEGE, KAMAREDDY",OPEN,GEN,CAP,1,261291,261291,261291.0,P2
"GKMR - GOVT MEDICAL COLLEGE, KAMAREDDY",OPEN,GEN,GEN,25,110692,168393,155621.4,P2
"GKMR - GOVT MEDICAL COLLEGE, KAMAREDDY",SC,FEM,GEN,4,211930,248153,224082.6,P1
"GKMR - GOVT MEDICAL COLLEGE, KAMAREDDY",SC,GEN,GEN,12,223853,265389,249479.8,P2
"GKMR - GOVT MEDICAL COLLEGE, KAMAREDDY",ST,FEM,GEN,3,192098,238210,203313.2,P1
"GKMR - GOVT MEDICAL COLLEGE, KAMAREDDY",ST,GEN,GEN,7,205245,245252,219735.0,P2
"GKRM - GOVT MEDICAL COLLEGE, KARIMNAGAR",BCA,FEM,GEN,3,202957,228088,215755.4,P2
"GKRM - GOVT MEDICAL COLLEGE, KARIMNAGAR",BCA,GEN,GEN,4,206585,245140,210765.2,P1
"GKRM - GOVT MEDICAL COLLEGE, KARIMNAGAR",BCB,FEM,GEN,1,145988,145988,145988.0,P2
"GKRM - GOVT MEDICAL COLLEGE, KARIMNAGAR",BCB,GEN,GEN,5,146077,153709,150865.4,P2
"GKRM - GOVT MEDICAL COLLEGE, KARIMNAGAR",BCC,FEM,GEN,1,198849,198849,198849.0,P1
"GKRM - GOVT MEDICAL COLLEGE, KARIMNAGAR",BCD,FEM,GEN,1,147268,147268,147268.0,P2
"GKRM - GOVT MEDICAL COLLEGE, KARIMNAGAR",BCD,GEN,GEN,3,147478,152888,149411.6,P2
"GKRM - GOVT MEDICAL COLLEGE, KARIMNAGAR",BCD,GEN,MRC,3,150896,152998,151811.2,P2
"GKRM - GOVT MEDICAL COLLEGE, KARIMNAGAR",BCE,FEM,GEN,1,160374,160374,160374.0,P3
"GKRM - GOVT MEDICAL COLLEGE, KARIMNAGAR",BCE,GEN,GEN,1,127996,127996,127996.0,P3
"GKRM - GOVT MEDICAL COLLEGE, KARIMNAGAR",BCE,GEN,MRC,1,148501,148501,148501.0,P2
"GKRM - GOVT MEDICAL COLLEGE, KARIMNAGAR",OPEN,FEM,GEN,15,67942,147396,107736.40000000001,P2
"GKRM - GOVT MEDICAL COLLEGE, KARIMNAGAR",OPEN,GEN,GEN,23,70284,144808,132085.8,P2
"GKRM - GOVT MEDICAL COLLEGE, KARIMNAGAR",SC,FEM,GEN,4,191641,202618,197316.8,P1
"GKRM - GOVT MEDICAL COLLEGE, KARIMNAGAR",SC,GEN,CAP,1,945597,945597,945597.0,P2
"GKRM - GOVT MEDICAL COLLEGE, KARIMNAGAR",SC,GEN,GEN,9,200242,219035,203887.8,P1
"GKRM - GOVT MEDICAL COLLEGE, KARIMNAGAR",ST,FEM,GEN,3,216177,223491,219658.6,P1
"GKRM - GOVT MEDICAL COLLEGE, KARIMNAGAR",ST,GEN,GEN,6,222151,228763,223738.0,P2
"GMBK - GOVT MEDICAL COLLEGE, BHADRADRI KOTHAGUDEM",BCA,FEM,GEN,4,249810,268780,257078.4,P2
"GMBK - GOVT MEDICAL COLLEGE, BHADRADRI KOTHAGUDEM",BCA,GEN,GEN,7,227275,278782,264370.4,P2
"GMBK - GOVT MEDICAL COLLEGE, BHADRADRI KOTHAGUDEM",BCB,FEM,GEN,2,176677,177214,176891.8,P2
"GMBK - GOVT MEDICAL COLLEGE, BHADRADRI KOTHAGUDEM",BCB,GEN,GEN,5,178021,181840,178744.0,P2
"GMBK - GOVT MEDICAL COLLEGE, BHADRADRI KOTHAGUDEM",BCD,FEM,GEN,1,176283,176283,176283.0,P3
"GMBK - GOVT MEDICAL COLLEGE, BHADRADRI KOTHAGUDEM",BCD,GEN,GEN,4,176335,179356,177867.0,P2
"GMBK - GOVT MEDICAL COLLEGE, BHADRADRI KOTHAGUDEM",BCE,FEM,GEN,3,203519,211984,204256.6,P2
"GMBK - GOVT MEDICAL COLLEGE, BHADRADRI KOTHAGUDEM",BCE,GEN,CAP,1,608508,608508,608508.0,P2
"GMBK - GOVT MEDICAL COLLEGE, BHADRADRI KOTHAGUDEM",BCE,GEN,GEN,1,186471,186471,186471.0,P2
"GMBK - GOVT MEDICAL COLLEGE, BHADRADRI KOTHAGUDEM",EWS,GEN,GEN,1,180510,180510,180510.0,P3
"GMBK - GOVT MEDICAL COLLEGE, BHADRADRI KOTHAGUDEM",OPEN,FEM,GEN,21,104386,172278,160854.0,P2
"GMBK - GOVT MEDICAL COLLEGE, BHADRADRI KOTHAGUDEM",OPEN,GEN,GEN,34,129612,197416,170922.2,P2
"GMBK - GOVT MEDICAL COLLEGE, BHADRADRI KOTHAGUDEM",SC,FEM,GEN,7,197629,240771,222333.6,P2
"GMBK - GOVT MEDICAL COLLEGE, BHADRADRI KOTHAGUDEM",SC,GEN,GEN,22,235839,265656,251503.6,P2
"GMBK - GOVT MEDICAL COLLEGE, BHADRADRI KOTHAGUDEM",ST,FEM,GEN,5,201363,237939,225976.0,P2
"GMBK - GOVT MEDICAL COLLEGE, BHADRADRI KOTHAGUDEM",ST,GEN,GEN,10,200191,235273,231693.4,P2
"GMCL - GOVT MEDICAL COLLEGE, MANCHERIAL",BCA,FEM,CAP,1,641597,641597,641597.0,P1
"GMCL - GOVT MEDICAL COLLEGE, MANCHERIAL",BCA,FEM,GEN,2,282286,286788,284086.8,P2
"GMCL - GOVT MEDICAL COLLEGE, MANCHERIAL",BCA,GEN,GEN,6,251502,293342,287338.0,P2
"GMCL - GOVT MEDICAL COLLEGE, MANCHERIAL",BCB,FEM,GEN,6,184912,191662,188598.0,P2
"GMCL - GOVT MEDICAL COLLEGE, MANCHERIAL",BCB,GEN,GEN,10,182706,194248,191272.4,P2
"GMCL - GOVT MEDICAL COLLEGE, MANCHERIAL",BCC,GEN,GEN,3,242575,267259,261128.6,P2
"GMCL - GOVT MEDICAL COLLEGE, MANCHERIAL",BCD,FEM,GEN,1,183391,183391,183391.0,P2
"GMCL - GOVT MEDICAL COLLEGE, MANCHERIAL",BCD,GEN,GEN,7,183091,185963,184492.2,P2
"GMCL - GOVT MEDICAL COLLEGE, MANCHERIAL",BCE,FEM,GEN,1,207398,207398,207398.0,P2
"GMCL - GOVT MEDICAL COLLEGE, MANCHERIAL",BCE,GEN,GEN,3,201525,208827,201982.6,P2
"GMCL - GOVT MEDICAL COLLEGE, MANCHERIAL",OPEN,FEM,GEN,7,151244,176398,160900.4,P2
"GMCL - GOVT MEDICAL COLLEGE, MANCHERIAL",OPEN,GEN,GEN,9,168383,179963,176438.0,P2
"GMCL - GOVT MEDICAL COLLEGE, MANCHERIAL",SC,FEM,GEN,7,233616,267174,260726.0,P2
"GMCL - GOVT MEDICAL COLLEGE, MANCHERIAL",SC,GEN,GEN,13,259249,272051,268952.4,P2
"GMCL - GOVT MEDICAL COLLEGE, MANCHERIAL",ST,FEM,GEN,3,251537,259556,252736.2,P2
"GMCL - GOVT MEDICAL COLLEGE, MANCHERIAL",ST,GEN,GEN,6,229947,247500,236208.0,P2
"GMCM - GOVT MEDICAL COLLEGE, MAHABUBNAGAR",BCA,FEM,MRC,4,134962,152869,145792.8,P1
"GMCM - GOVT MEDICAL COLLEGE, MAHABUBNAGAR",BCA,GEN,GEN,5,147218,168239,160559.8,P2
"GMCM - GOVT MEDICAL COLLEGE, MAHABUBNAGAR",BCA,GEN,MRC,3,138216,160431,147600.0,P1
"GMCM - GOVT MEDICAL COLLEGE, MAHABUBNAGAR",BCB,GEN,CAP,1,133425,133425,133425.0,P2
"GMCM - GOVT MEDICAL COLLEGE, MAHABUBNAGAR",BCB,GEN,GEN,9,75442,86922,79899.4,P2
"GMCM - GOVT MEDICAL COLLEGE, MAHABUBNAGAR",BCB,GEN,MRC,2,72921,84770,77660.6,P2
"GMCM - GOVT MEDICAL COLLEGE, MAHABUBNAGAR",BCC,GEN,MRC,1,145819,145819,145819.0,P1
"GMCM - GOVT MEDICAL COLLEGE, MAHABUBNAGAR",BCD,FEM,MRC,1,75291,75291,75291.0,P2
"GMCM - GOVT MEDICAL COLLEGE, MAHABUBNAGAR",BCD,GEN,GEN,3,76923,83706,82312.6,P2
"GMCM - GOVT MEDICAL COLLEGE, MAHABUBNAGAR",BCD,GEN,MRC,5,76647,85768,77995.2,P2
"GMCM - GOVT MEDICAL COLLEGE, MAHABUBNAGAR",BCE,GEN,GEN,1,93032,93032,93032.0,P2
"GMCM - GOVT MEDICAL COLLEGE, MAHABUBNAGAR",BCE,GEN,MRC,2,85216,96251,89630.0,P2
"GMCM - GOVT MEDICAL COLLEGE, MAHABUBNAGAR",EWS,FEM,GEN,6,93866,98713,95995.0,P2
"GMCM - GOVT MEDICAL COLLEGE, MAHABUBNAGAR",EWS,FEM,MRC,3,82362,85730,83732.4,P2
"GMCM - GOVT MEDICAL COLLEGE, MAHABUBNAGAR",EWS,GEN,GEN,12,88234,103391,99597.0,P2
"GMCM - GOVT MEDICAL COLLEGE, MAHABUBNAGAR",EWS,GEN,MRC,2,74811,79345,76624.6,P1
"GMCM - GOVT MEDICAL COLLEGE, MAHABUBNAGAR",OPEN,FEM,GEN,25,38764,71551,53558.6,P2
"GMCM - GOVT MEDICAL COLLEGE, MAHABUBNAGAR",OPEN,GEN,GEN,27,24905,72553,60263.0,P2
"GMCM - GOVT MEDICAL COLLEGE, MAHABUBNAGAR",SC,FEM,MRC,7,135742,150068,139179.0,P1
"GMCM - GOVT MEDICAL COLLEGE, MAHABUBNAGAR",SC,GEN,GEN,10,135790,161675,152902.0,P1
"GMCM - GOVT MEDICAL COLLEGE, MAHABUBNAGAR",SC,GEN,MRC,7,134933,158417,153637.8,P1
"GMCM - GOVT MEDICAL COLLEGE, MAHABUBNAGAR",ST,FEM,GEN,2,158121,159510,158676.6,P2
"GMCM - GOVT MEDICAL COLLEGE, MAHABUBNAGAR",ST,FEM,MRC,3,150087,156824,154109.4,P1
"GMCM - GOVT MEDICAL COLLEGE, MAHABUBNAGAR",ST,GEN,GEN,8,160791,174527,162735.6,P2
"GMCM - GOVT MEDICAL COLLEGE, MAHABUBNAGAR",ST,GEN,MRC,3,159527,163157,160699.0,P1
"GMDK - GOVT MEDICAL COLLEGE, MEDAK",BCA,FEM,GEN,1,280526,280526,280526.0,P3
"GMDK - GOVT MEDICAL COLLEGE, MEDAK",BCA,GEN,GEN,3,283707,297369,293066.2,P2
"GMDK - GOVT MEDICAL COLLEGE, MEDAK",BCB,FEM,GEN,1,176693,176693,176693.0,P2
"GMDK - GOVT MEDICAL COLLEGE, MEDAK",BCB,GEN,GEN,2,190183,190648,190369.0,P2
"GMDK - GOVT MEDICAL COLLEGE, MEDAK",BCD,GEN,GEN,2,179072,185885,181797.2,P2
"GMDK - GOVT MEDICAL COLLEGE, MEDAK",BCE,GEN,GEN,3,183101,193027,188664.2,P2
"GMDK - GOVT MEDICAL COLLEGE, MEDAK",OPEN,FEM,GEN,4,140136,163305,153540.4,P2
"GMDK - GOVT MEDICAL COLLEGE, MEDAK",OPEN,GEN,GEN,6,160789,176488,171032.0,P2
"GMDK - GOVT MEDICAL COLLEGE, MEDAK",SC,FEM,GEN,6,263934,277089,267554.0,P2
"GMDK - GOVT MEDICAL COLLEGE, MEDAK",SC,GEN,GEN,9,265598,280710,278710.4,P2
"GMDK - GOVT MEDICAL COLLEGE, MEDAK",ST,FEM,GEN,2,253051,253880,253382.6,P2
"GMDK - GOVT MEDICAL COLLEGE, MEDAK",ST,GEN,GEN,3,254613,260782,257043.4,P2
"GMHB - GOVT MEDICAL COLLEGE, MAHABUBABAD",BCA,FEM,GEN,3,231142,246732,243523.6,P2
"GMHB - GOVT MEDICAL COLLEGE, MAHABUBABAD",BCA,GEN,GEN,8,240669,263236,254410.8,P2
"GMHB - GOVT MEDICAL COLLEGE, MAHABUBABAD",BCB,FEM,GEN,1,168299,168299,168299.0,P3
"GMHB - GOVT MEDICAL COLLEGE, MAHABUBABAD",BCB,GEN,GEN,6,168610,171735,169937.0,P2
"GMHB - GOVT MEDICAL COLLEGE, MAHABUBABAD",BCC,GEN,GEN,1,181367,181367,181367.0,P2
"GMHB - GOVT MEDICAL COLLEGE, MAHABUBABAD",BCD,GEN,GEN,7,167781,175014,170701.4,P2
"GMHB - GOVT MEDICAL COLLEGE, MAHABUBABAD",BCE,FEM,GEN,2,180546,184477,182118.4,P2
"GMHB - GOVT MEDICAL COLLEGE, MAHABUBABAD",BCE,GEN,GEN,6,167725,197098,188816.0,P2
"GMHB - GOVT MEDICAL COLLEGE, MAHABUBABAD",OPEN,FEM,CAP,1,273998,273998,273998.0,P2
"GMHB - GOVT MEDICAL COLLEGE, MAHABUBABAD",OPEN,FEM,GEN,24,103473,165607,156885.8,P2
"GMHB - GOVT MEDICAL COLLEGE, MAHABUBABAD",OPEN,GEN,GEN,32,77295,167349,157375.0,P2
"GMHB - GOVT MEDICAL COLLEGE, MAHABUBABAD",SC,FEM,GEN,7,202910,237455,225347.2,P2
"GMHB - GOVT MEDICAL COLLEGE, MAHABUBABAD",SC,GEN,GEN,15,211711,257559,245585.0,P2
"GMHB - GOVT MEDICAL COLLEGE, MAHABUBABAD",ST,FEM,GEN,6,216176,232821,219449.0,P2
"GMHB - GOVT MEDICAL COLLEGE, MAHABUBABAD",ST,GEN,GEN,9,203095,232849,223519.8,P2
"GMHR - GOVT MEDICAL COLLEGE, MAHESHWARAM",BCA,FEM,GEN,1,228734,228734,228734.0,P1
"GMHR - GOVT MEDICAL COLLEGE, MAHESHWARAM",BCA,GEN,GEN,2,257756,259203,258334.8,P1
"GMHR - GOVT MEDICAL COLLEGE, MAHESHWARAM",BCB,GEN,GEN,1,166049,166049,166049.0,P2
"GMHR - GOVT MEDICAL COLLEGE, MAHESHWARAM",BCB,GEN,MRC,3,138369,159223,154188.2,P2
"GMHR - GOVT MEDICAL COLLEGE, MAHESHWARAM",BCD,GEN,GEN,4,167076,174885,168432.0,P2
"GMHR - GOVT MEDICAL COLLEGE, MAHESHWARAM",BCD,GEN,MRC,1,146644,146644,146644.0,P1
"GMHR - GOVT MEDICAL COLLEGE, MAHESHWARAM",BCE,GEN,GEN,1,139507,139507,139507.0,P2
"GMHR - GOVT MEDICAL COLLEGE, MAHESHWARAM",OPEN,FEM,GEN,9,86968,135665,114089.6,P1
"GMHR - GOVT MEDICAL COLLEGE, MAHESHWARAM",OPEN,GEN,GEN,9,110547,136883,123648.8,P2
"GMHR - GOVT MEDICAL COLLEGE, MAHESHWARAM",SC,FEM,GEN,3,246777,254568,247583.4,P2
"GMHR - GOVT MEDICAL COLLEGE, MAHESHWARAM",SC,GEN,GEN,5,242078,259717,252748.6,P2
"GMHR - GOVT MEDICAL COLLEGE, MAHESHWARAM",ST,FEM,GEN,1,208908,208908,208908.0,P2
"GMHR - GOVT MEDICAL COLLEGE, MAHESHWARAM",ST,GEN,GEN,3,220517,240444,221469.0,P2
"GMNL - GOVT MEDICAL COLLEGE, NALGONDA",BCA,FEM,GEN,3,201420,211795,206578.4,P2
"GMNL - GOVT MEDICAL COLLEGE, NALGONDA",BCA,GEN,GEN,6,200248,213704,206024.0,P2
"GMNL - GOVT MEDICAL COLLEGE, NALGONDA",BCB,FEM,GEN,2,110904,111750,111242.4,P2
"GMNL - GOVT MEDICAL COLLEGE, NALGONDA",BCB,GEN,GEN,8,112077,120428,117980.0,P2
"GMNL - GOVT MEDICAL COLLEGE, NALGONDA",BCB,GEN,MRC,1,120378,120378,120378.0,P2
"GMNL - GOVT MEDICAL COLLEGE, NALGONDA",BCC,GEN,MRC,1,146509,146509,146509.0,P2
"GMNL - GOVT MEDICAL COLLEGE, NALGONDA",BCD,FEM,GEN,3,122868,124295,123289.6,P3
"GMNL - GOVT MEDICAL COLLEGE, NALGONDA",BCD,FEM,MRC,2,114673,120584,117037.4,P2
"GMNL - GOVT MEDICAL COLLEGE, NALGONDA",BCD,GEN,GEN,8,119487,129350,125349.8,P2
"GMNL - GOVT MEDICAL COLLEGE, NALGONDA",BCD,GEN,MRC,4,120411,126080,121615.2,P2
"GMNL - GOVT MEDICAL COLLEGE, NALGONDA",BCE,FEM,MRC,1,122010,122010,122010.0,P2
"GMNL - GOVT MEDICAL COLLEGE, NALGONDA",BCE,GEN,GEN,4,116596,128371,122481.8,P2
"GMNL - GOVT MEDICAL COLLEGE, NALGONDA",BCE,GEN,MRC,2,119269,125725,121851.4,P2
"GMNL - GOVT MEDICAL COLLEGE, NALGONDA",EWS,FEM,GEN,4,111445,117159,114086.6,P2
"GMNL - GOVT MEDICAL COLLEGE, NALGONDA",EWS,GEN,GEN,3,116785,117163,116805.8,P2
"GMNL - GOVT MEDICAL COLLEGE, NALGONDA",OPEN,FEM,GEN,15,52738,102383,97971.4,P2
"GMNL - GOVT MEDICAL COLLEGE, NALGONDA",OPEN,GEN,CAP,1,229600,229600,229600.0,P2
"GMNL - GOVT MEDICAL COLLEGE, NALGONDA",OPEN,GEN,GEN,24,66518,110827,103406.8,P2
"GMNL - GOVT MEDICAL COLLEGE, NALGONDA",SC,FEM,GEN,7,180040,191767,182495.2,P2
"GMNL - GOVT MEDICAL COLLEGE, NALGONDA",SC,GEN,GEN,15,171718,200613,195959.6,P2
"GMNL - GOVT MEDICAL COLLEGE, NALGONDA",ST,FEM,GEN,4,176371,190547,187269.6,P1
"GMNL - GOVT MEDICAL COLLEGE, NALGONDA",ST,GEN,GEN,10,175222,194412,189488.8,P2
"GMSR - GOVT MEDICAL COLLEGE, SURYAPET",BCA,FEM,GEN,2,175846,184210,179191.6,P2
"GMSR - GOVT MEDICAL COLLEGE, SURYAPET",BCA,FEM,MRC,1,159500,159500,159500.0,P1
"GMSR - GOVT MEDICAL COLLEGE, SURYAPET",BCA,GEN,GEN,7,181761,199989,194458.6,P2
"GMSR - GOVT MEDICAL COLLEGE, SURYAPET",BCB,FEM,GEN,2,97385,100213,98516.2,P2
"GMSR - GOVT MEDICAL COLLEGE, SURYAPET",BCB,GEN,GEN,10,98969,109604,106976.4,P2
"GMSR - GOVT MEDICAL COLLEGE, SURYAPET",BCB,GEN,MRC,1,102181,102181,102181.0,P2
"GMSR - GOVT MEDICAL COLLEGE, SURYAPET",BCC,FEM,GEN,1,178653,178653,178653.0,P2
"GMSR - GOVT MEDICAL COLLEGE, SURYAPET",BCC,GEN,MRC,1,136000,136000,136000.0,P1
"GMSR - GOVT MEDICAL COLLEGE, SURYAPET",BCD,FEM,GEN,3,98880,103480,99942.4,P2
"GMSR - GOVT MEDICAL COLLEGE, SURYAPET",BCD,GEN,GEN,5,96678,113430,108937.8,P2
"GMSR - GOVT MEDICAL COLLEGE, SURYAPET",BCD,GEN,MRC,3,105673,110585,109273.8,P2
"GMSR - GOVT MEDICAL COLLEGE, SURYAPET",BCE,FEM,GEN,2,111743,117831,114178.2,P2
"GMSR - GOVT MEDICAL COLLEGE, SURYAPET",BCE,GEN,GEN,2,112064,118673,114707.6,P2
"GMSR - GOVT MEDICAL COLLEGE, SURYAPET",BCE,GEN,MRC,1,114533,114533,114533.0,P2
"GMSR - GOVT MEDICAL COLLEGE, SURYAPET",EWS,FEM,GEN,2,103685,103856,103753.4,P2
"GMSR - GOVT MEDICAL COLLEGE, SURYAPET",EWS,GEN,GEN,4,103726,106595,104832.2,P2
"GMSR - GOVT MEDICAL COLLEGE, SURYAPET",OPEN,FEM,GEN,17,48246,106679,74414.6,P2
"GMSR - GOVT MEDICAL COLLEGE, SURYAPET",OPEN,GEN,CAP,1,136718,136718,136718.0,P2
"GMSR - GOVT MEDICAL COLLEGE, SURYAPET",OPEN,GEN,GEN,25,74329,96254,91679.4,P2
"GMSR - GOVT MEDICAL COLLEGE, SURYAPET",SC,FEM,GEN,6,151233,176228,173941.0,P2
"GMSR - GOVT MEDICAL COLLEGE, SURYAPET",SC,FEM,MRC,2,145009,145592,145242.2,P1
"GMSR - GOVT MEDICAL COLLEGE, SURYAPET",SC,GEN,GEN,17,168571,191728,181837.8,P2
"GMSR - GOVT MEDICAL COLLEGE, SURYAPET",ST,FEM,GEN,2,180487,180813,180617.4,P2
"GMSR - GOVT MEDICAL COLLEGE, SURYAPET",ST,FEM,MRC,2,154947,159835,156902.2,P1
"GMSR - GOVT MEDICAL COLLEGE, SURYAPET",ST,GEN,GEN,9,159019,184546,181783.4,P2
"GMUL - GOVT MEDICAL COLLEGE, MULUGU",BCA,FEM,GEN,1,290627,290627,290627.0,P2
"GMUL - GOVT MEDICAL COLLEGE, MULUGU",BCA,GEN,GEN,2,290002,302714,295086.8,P2
"GMUL - GOVT MEDICAL COLLEGE, MULUGU",BCB,FEM,GEN,3,207355,209592,207364.6,P2
"GMUL - GOVT MEDICAL COLLEGE, MULUGU",BCB,GEN,GEN,5,208789,210281,208970.2,P2
"GMUL - GOVT MEDICAL COLLEGE, MULUGU",BCD,FEM,GEN,1,185984,185984,185984.0,P2
"GMUL - GOVT MEDICAL COLLEGE, MULUGU",BCD,GEN,GEN,6,186502,200221,193008.0,P3
"GMUL - GOVT MEDICAL COLLEGE, MULUGU",BCE,FEM,GEN,2,188012,214643,198664.4,P2
"GMUL - GOVT MEDICAL COLLEGE, MULUGU",BCE,GEN,GEN,3,196109,206032,199236.2,P2
"GMUL - GOVT MEDICAL COLLEGE, MULUGU",OPEN,FEM,GEN,2,165644,177240,170282.4,P2
"GMUL - GOVT MEDICAL COLLEGE, MULUGU",OPEN,GEN,GEN,3,151405,183035,174917.8,P3
"GMUL - GOVT MEDICAL COLLEGE, MULUGU",SC,FEM,GEN,3,281945,283850,282127.4,P2
"GMUL - GOVT MEDICAL COLLEGE, MULUGU",SC,GEN,GEN,6,285199,286369,285288.0,P2
"GMUL - GOVT MEDICAL COLLEGE, MULUGU",ST,FEM,GEN,2,262419,265590,263687.4,P2
"GMUL - GOVT MEDICAL COLLEGE, MULUGU",ST,GEN,GEN,4,262919,287230,264391.2,P2
"GNGK - GOVT MEDICAL COLLEGE, NAGARKURNOOL",BCA,FEM,GEN,3,210297,219058,212733.8,P2
"GNGK - GOVT MEDICAL COLLEGE, NAGARKURNOOL",BCA,GEN,GEN,9,215142,238809,224744.0,P2
"GNGK - GOVT MEDICAL COLLEGE, NAGARKURNOOL",BCB,GEN,GEN,3,133397,134849,134071.4,P2
"GNGK - GOVT MEDICAL COLLEGE, NAGARKURNOOL",BCC,GEN,GEN,1,187248,187248,187248.0,P2
"GNGK - GOVT MEDICAL COLLEGE, NAGARKURNOOL",BCD,FEM,GEN,5,135472,142789,138492.4,P2
"GNGK - GOVT MEDICAL COLLEGE, NAGARKURNOOL",BCD,FEM,MRC,1,139915,139915,139915.0,P2
"GNGK - GOVT MEDICAL COLLEGE, NAGARKURNOOL",BCD,GEN,GEN,7,134929,146078,137044.6,P2
"GNGK - GOVT MEDICAL COLLEGE, NAGARKURNOOL",BCD,GEN,MRC,2,141209,144780,142637.4,P2
"GNGK - GOVT MEDICAL COLLEGE, NAGARKURNOOL",BCE,FEM,GEN,1,141441,141441,141441.0,P2
"GNGK - GOVT MEDICAL COLLEGE, NAGARKURNOOL",BCE,GEN,GEN,6,137612,156279,153870.0,P2
"GNGK - GOVT MEDICAL COLLEGE, NAGARKURNOOL",BCE,GEN,MRC,2,138108,151317,143391.6,P2
"GNGK - GOVT MEDICAL COLLEGE, NAGARKURNOOL",EWS,FEM,GEN,4,138207,148571,145253.4,P2
"GNGK - GOVT MEDICAL COLLEGE, NAGARKURNOOL",OPEN,FEM,GEN,15,108858,123398,119404.6,P2
"GNGK - GOVT MEDICAL COLLEGE, NAGARKURNOOL",OPEN,GEN,GEN,32,88861,133114,125795.0,P2
"GNGK - GOVT MEDICAL COLLEGE, NAGARKURNOOL",SC,FEM,GEN,8,199937,228063,204142.0,P2
"GNGK - GOVT MEDICAL COLLEGE, NAGARKURNOOL",SC,GEN,GEN,14,201622,235853,210353.6,P2
"GNGK - GOVT MEDICAL COLLEGE, NAGARKURNOOL",ST,FEM,GEN,6,194516,204356,197093.0,P2
"GNGK - GOVT MEDICAL COLLEGE, NAGARKURNOOL",ST,GEN,GEN,9,194295,204717,200129.4,P2
"GNRM - GOVT MEDICAL COLLEGE, NIRMAL",BCA,FEM,GEN,2,270488,293924,279862.4,P2
"GNRM - GOVT MEDICAL COLLEGE, NIRMAL",BCA,GEN,GEN,4,261189,316657,273347.6,P2
"GNRM - GOVT MEDICAL COLLEGE, NIRMAL",BCB,FEM,GEN,4,179051,193425,186676.4,P2
"GNRM - GOVT MEDICAL COLLEGE, NIRMAL",BCB,GEN,GEN,9,179703,196137,195124.0,P2
"GNRM - GOVT MEDICAL COLLEGE, NIRMAL",BCC,FEM,GEN,1,278769,278769,278769.0,P2
"GNRM - GOVT MEDICAL COLLEGE, NIRMAL",BCD,FEM,GEN,1,180460,180460,180460.0,P3
"GNRM - GOVT MEDICAL COLLEGE, NIRMAL",BCD,GEN,GEN,4,182330,184653,183826.4,P2
"GNRM - GOVT MEDICAL COLLEGE, NIRMAL",BCE,FEM,GEN,2,196880,200370,198276.0,P2
"GNRM - GOVT MEDICAL COLLEGE, NIRMAL",BCE,GEN,GEN,5,187802,199938,195964.4,P2
"GNRM - GOVT MEDICAL COLLEGE, NIRMAL",OPEN,FEM,GEN,10,114517,165903,153333.6,P2
"GNRM - GOVT MEDICAL COLLEGE, NIRMAL",OPEN,GEN,GEN,13,140016,178998,162552.2,P2
"GNRM - GOVT MEDICAL COLLEGE, NIRMAL",SC,FEM,GEN,5,251450,268770,259567.0,P3
"GNRM - GOVT MEDICAL COLLEGE, NIRMAL",SC,GEN,GEN,11,264292,278890,275421.0,P2
"GNRM - GOVT MEDICAL COLLEGE, NIRMAL",ST,FEM,GEN,3,233033,248334,234247.4,P2
"GNRM - GOVT MEDICAL COLLEGE, NIRMAL",ST,GEN,GEN,10,244058,259672,255599.8,P2
"GNRN - GOVT MEDICAL COLLEGE, NARAYANPET",BCA,FEM,GEN,2,269616,300580,282001.6,P2
"GNRN - GOVT MEDICAL COLLEGE, NARAYANPET",BCA,GEN,CAP,1,270589,270589,270589.0,P1
"GNRN - GOVT MEDICAL COLLEGE, NARAYANPET",BCA,GEN,GEN,2,292034,300613,295465.6,P2
"GNRN - GOVT MEDICAL COLLEGE, NARAYANPET",BCB,FEM,GEN,2,188024,188528,188225.6,P2
"GNRN - GOVT MEDICAL COLLEGE, NARAYANPET",BCB,GEN,GEN,4,205925,209431,208115.4,P2
"GNRN - GOVT MEDICAL COLLEGE, NARAYANPET",BCD,FEM,GEN,1,192982,192982,192982.0,P2
"GNRN - GOVT MEDICAL COLLEGE, NARAYANPET",BCD,GEN,GEN,8,187668,201354,194838.2,P2
"GNRN - GOVT MEDICAL COLLEGE, NARAYANPET",BCE,FEM,GEN,2,200206,203289,201439.2,P2
"GNRN - GOVT MEDICAL COLLEGE, NARAYANPET",BCE,GEN,GEN,1,187874,187874,187874.0,P2
"GNRN - GOVT MEDICAL COLLEGE, NARAYANPET",OPEN,FEM,GEN,3,140772,182192,141721.6,P1
"GNRN - GOVT MEDICAL COLLEGE, NARAYANPET",OPEN,GEN,GEN,4,164544,180479,174952.8,P2
"GNRN - GOVT MEDICAL COLLEGE, NARAYANPET",SC,FEM,GEN,2,271968,277051,274001.2,P2
"GNRN - GOVT MEDICAL COLLEGE, NARAYANPET",SC,GEN,GEN,5,253082,278551,260842.2,P2
"GNRN - GOVT MEDICAL COLLEGE, NARAYANPET",ST,FEM,GEN,3,260828,264493,263588.0,P2
"GNRN - GOVT MEDICAL COLLEGE, NARAYANPET",ST,GEN,GEN,3,262269,265630,264101.0,P3
"GNRS - GOVT MEDICAL COLLEGE, NARSAMPET",BCA,FEM,GEN,2,280218,293408,285494.0,P2
"GNRS - GOVT MEDICAL COLLEGE, NARSAMPET",BCA,GEN,GEN,3,295564,296020,295775.2,P2
"GNRS - GOVT MEDICAL COLLEGE, NARSAMPET",BCB,FEM,GEN,1,200071,200071,200071.0,P2
"GNRS - GOVT MEDICAL COLLEGE, NARSAMPET",BCB,GEN,GEN,7,191632,208776,204032.4,P2
"GNRS - GOVT MEDICAL COLLEGE, NARSAMPET",BCD,FEM,GEN,1,189996,189996,189996.0,P2
"GNRS - GOVT MEDICAL COLLEGE, NARSAMPET",BCD,GEN,GEN,3,193066,193455,193295.6,P2
"GNRS - GOVT MEDICAL COLLEGE, NARSAMPET",BCE,FEM,GEN,1,197820,197820,197820.0,P2
"GNRS - GOVT MEDICAL COLLEGE, NARSAMPET",BCE,GEN,GEN,4,201700,210046,203261.2,P2
"GNRS - GOVT MEDICAL COLLEGE, NARSAMPET",OPEN,FEM,GEN,4,119235,178154,168748.6,P2
"GNRS - GOVT MEDICAL COLLEGE, NARSAMPET",OPEN,GEN,GEN,3,158188,181645,176468.8,P2
"GNRS - GOVT MEDICAL COLLEGE, NARSAMPET",SC,FEM,GEN,3,237976,257905,252534.4,P1
"GNRS - GOVT MEDICAL COLLEGE, NARSAMPET",SC,GEN,GEN,6,274363,283945,281907.0,P2
"GNRS - GOVT MEDICAL COLLEGE, NARSAMPET",ST,FEM,GEN,1,261169,261169,261169.0,P2
"GNRS - GOVT MEDICAL COLLEGE, NARSAMPET",ST,GEN,GEN,3,252956,263957,261743.2,P2
"GQTB - GOVT MEDICAL COLLEGE, QUTHBULLAPUR",BCA,FEM,GEN,1,213341,213341,213341.0,P2
"GQTB - GOVT MEDICAL COLLEGE, QUTHBULLAPUR",BCA,GEN,GEN,3,166546,240457,219426.0,P1
"GQTB - GOVT MEDICAL COLLEGE, QUTHBULLAPUR",BCB,GEN,GEN,1,129801,129801,129801.0,P2
"GQTB - GOVT MEDICAL COLLEGE, QUTHBULLAPUR",BCB,GEN,MRC,2,129275,135998,131964.2,P1
"GQTB - GOVT MEDICAL COLLEGE, QUTHBULLAPUR",BCC,FEM,GEN,1,232132,232132,232132.0,P1
"GQTB - GOVT MEDICAL COLLEGE, QUTHBULLAPUR",BCD,FEM,MRC,1,127073,127073,127073.0,P1
"GQTB - GOVT MEDICAL COLLEGE, QUTHBULLAPUR",BCD,GEN,GEN,1,145017,145017,145017.0,P2
"GQTB - GOVT MEDICAL COLLEGE, QUTHBULLAPUR",BCD,GEN,MRC,1,119192,119192,119192.0,P1
"GQTB - GOVT MEDICAL COLLEGE, QUTHBULLAPUR",BCE,GEN,GEN,3,119445,134301,123234.6,P2
"GQTB - GOVT MEDICAL COLLEGE, QUTHBULLAPUR",BCE,GEN,MRC,1,122844,122844,122844.0,P2
"GQTB - GOVT MEDICAL COLLEGE, QUTHBULLAPUR",OPEN,FEM,GEN,7,71582,104665,96467.6,P2
"GQTB - GOVT MEDICAL COLLEGE, QUTHBULLAPUR",OPEN,GEN,GEN,10,104508,115884,111454.0,P2
"GQTB - GOVT MEDICAL COLLEGE, QUTHBULLAPUR",SC,FEM,GEN,2,177734,234796,200558.8,P1
"GQTB - GOVT MEDICAL COLLEGE, QUTHBULLAPUR",SC,GEN,GEN,5,228068,242600,232318.6,P2
"GQTB - GOVT MEDICAL COLLEGE, QUTHBULLAPUR",ST,FEM,GEN,1,229672,229672,229672.0,P1
"GQTB - GOVT MEDICAL COLLEGE, QUTHBULLAPUR",ST,GEN,GEN,3,234195,246604,242990.2,P1
"GSGR - GOVT MEDICAL COLLEGE, SANGAREDDY",BCA,FEM,GEN,3,188788,202979,195905.6,P2
"GSGR - GOVT MEDICAL COLLEGE, SANGAREDDY",BCA,FEM,MRC,1,147459,147459,147459.0,P2
"GSGR - GOVT MEDICAL COLLEGE, SANGAREDDY",BCA,GEN,GEN,6,181670,211267,201469.0,P2
"GSGR - GOVT MEDICAL COLLEGE, SANGAREDDY",BCB,FEM,GEN,2,99746,100652,100108.4,P2
"GSGR - GOVT MEDICAL COLLEGE, SANGAREDDY",BCB,GEN,GEN,12,101672,116961,113256.6,P2
"GSGR - GOVT MEDICAL COLLEGE, SANGAREDDY",BCB,GEN,MRC,1,114777,114777,114777.0,P2
"GSGR - GOVT MEDICAL COLLEGE, SANGAREDDY",BCC,FEM,MRC,1,159158,159158,159158.0,P1
"GSGR - GOVT MEDICAL COLLEGE, SANGAREDDY",BCD,FEM,GEN,2,109497,110571,109926.6,P2
"GSGR - GOVT MEDICAL COLLEGE, SANGAREDDY",BCD,FEM,MRC,4,108261,118605,116407.8,P2
"GSGR - GOVT MEDICAL COLLEGE, SANGAREDDY",BCD,GEN,GEN,8,88428,128343,121470.8,P2
"GSGR - GOVT MEDICAL COLLEGE, SANGAREDDY",BCD,GEN,MRC,8,117903,127981,122690.6,P2
"GSGR - GOVT MEDICAL COLLEGE, SANGAREDDY",BCE,FEM,GEN,1,111154,111154,111154.0,P2
"GSGR - GOVT MEDICAL COLLEGE, SANGAREDDY",BCE,GEN,GEN,2,113204,113565,113348.4,P2
"GSGR - GOVT MEDICAL COLLEGE, SANGAREDDY",EWS,FEM,GEN,6,103389,111786,109993.0,P2
"GSGR - GOVT MEDICAL COLLEGE, SANGAREDDY",EWS,GEN,GEN,4,108655,114639,110789.6,P2
"GSGR - GOVT MEDICAL COLLEGE, SANGAREDDY",OPEN,FEM,GEN,12,63703,94325,77245.4,P2
"GSGR - GOVT MEDICAL COLLEGE, SANGAREDDY",OPEN,GEN,GEN,19,46163,98605,79115.4,P2
"GSGR - GOVT MEDICAL COLLEGE, SANGAREDDY",SC,FEM,GEN,5,172309,187204,177653.0,P1
"GSGR - GOVT MEDICAL COLLEGE, SANGAREDDY",SC,FEM,MRC,1,160436,160436,160436.0,P1
"GSGR - GOVT MEDICAL COLLEGE, SANGAREDDY",SC,GEN,CAP,1,561996,561996,561996.0,P1
"GSGR - GOVT MEDICAL COLLEGE, SANGAREDDY",SC,GEN,GEN,13,156348,200008,188649.6,P1
"GSGR - GOVT MEDICAL COLLEGE, SANGAREDDY",SC,GEN,MRC,1,153835,153835,153835.0,P1
"GSGR - GOVT MEDICAL COLLEGE, SANGAREDDY",ST,FEM,GEN,4,186117,191441,188884.8,P1
"GSGR - GOVT MEDICAL COLLEGE, SANGAREDDY",ST,GEN,GEN,10,185962,194289,188870.0,P1
"GSRC - GOVT MEDICAL COLLEGE, RAJANNA SIRCILLA",BCA,FEM,GEN,2,249742,254640,251701.2,P2
"GSRC - GOVT MEDICAL COLLEGE, RAJANNA SIRCILLA",BCA,GEN,GEN,4,269262,278980,273779.4,P2
"GSRC - GOVT MEDICAL COLLEGE, RAJANNA SIRCILLA",BCB,FEM,GEN,4,181935,185946,183704.6,P2
"GSRC - GOVT MEDICAL COLLEGE, RAJANNA SIRCILLA",BCB,GEN,GEN,10,176233,187602,179731.0,P2
"GSRC - GOVT MEDICAL COLLEGE, RAJANNA SIRCILLA",BCC,GEN,GEN,1,219068,219068,219068.0,P1
"GSRC - GOVT MEDICAL COLLEGE, RAJANNA SIRCILLA",BCD,GEN,GEN,5,173493,179622,177283.6,P2
"GSRC - GOVT MEDICAL COLLEGE, RAJANNA SIRCILLA",BCE,FEM,GEN,4,172941,208780,202192.4,P2
"GSRC - GOVT MEDICAL COLLEGE, RAJANNA SIRCILLA",BCE,GEN,GEN,2,188729,194014,190843.0,P2
"GSRC - GOVT MEDICAL COLLEGE, RAJANNA SIRCILLA",EWS,GEN,GEN,1,174218,174218,174218.0,P2
"GSRC - GOVT MEDICAL COLLEGE, RAJANNA SIRCILLA",OPEN,FEM,GEN,10,135581,162136,150899.0,P2
"GSRC - GOVT MEDICAL COLLEGE, RAJANNA SIRCILLA",OPEN,GEN,GEN,18,130433,171139,152938.4,P2
"GSRC - GOVT MEDICAL COLLEGE, RAJANNA SIRCILLA",SC,FEM,GEN,5,207465,248313,237556.0,P2
"GSRC - GOVT MEDICAL COLLEGE, RAJANNA SIRCILLA",SC,GEN,GEN,9,236544,267422,249814.0,P2
"GSRC - GOVT MEDICAL COLLEGE, RAJANNA SIRCILLA",ST,FEM,GEN,3,213905,253364,233973.8,P2
"GSRC - GOVT MEDICAL COLLEGE, RAJANNA SIRCILLA",ST,GEN,CAP,1,340868,340868,340868.0,P2
"GSRC - GOVT MEDICAL COLLEGE, RAJANNA SIRCILLA",ST,GEN,GEN,6,225125,253472,246679.0,P2
"GVKB - GOVT MEDICAL COLLEGE, VIKARABAD",BCA,FEM,GEN,4,241916,263976,246065.2,P1
"GVKB - GOVT MEDICAL COLLEGE, VIKARABAD",BCA,GEN,CAP,1,439308,439308,439308.0,P2
"GVKB - GOVT MEDICAL COLLEGE, VIKARABAD",BCA,GEN,GEN,4,206639,278766,244407.6,P1
"GVKB - GOVT MEDICAL COLLEGE, VIKARABAD",BCB,FEM,GEN,1,194627,194627,194627.0,P2
"GVKB - GOVT MEDICAL COLLEGE, VIKARABAD",BCB,GEN,GEN,9,168822,182983,177786.8,P2
"GVKB - GOVT MEDICAL COLLEGE, VIKARABAD",BCC,GEN,GEN,2,200535,264890,226277.0,P2
"GVKB - GOVT MEDICAL COLLEGE, VIKARABAD",BCD,FEM,GEN,4,169740,177772,172534.8,P2
"GVKB - GOVT MEDICAL COLLEGE, VIKARABAD",BCD,GEN,GEN,5,171206,183088,179705.2,P2
"GVKB - GOVT MEDICAL COLLEGE, VIKARABAD",BCE,FEM,GEN,3,174888,182967,177501.6,P2
"GVKB - GOVT MEDICAL COLLEGE, VIKARABAD",BCE,GEN,GEN,2,176292,183076,179005.6,P2
"GVKB - GOVT MEDICAL COLLEGE, VIKARABAD",OPEN,FEM,GEN,8,144703,158702,147549.2,P2
"GVKB - GOVT MEDICAL COLLEGE, VIKARABAD",OPEN,GEN,GEN,17,114224,168455,161554.2,P2
"GVKB - GOVT MEDICAL COLLEGE, VIKARABAD",SC,FEM,GEN,5,218209,251505,236105.4,P2
"GVKB - GOVT MEDICAL COLLEGE, VIKARABAD",SC,GEN,GEN,11,237446,267318,258596.0,P2
"GVKB - GOVT MEDICAL COLLEGE, VIKARABAD",ST,FEM,GEN,3,223934,231467,229675.6,P1
"GVKB - GOVT MEDICAL COLLEGE, VIKARABAD",ST,GEN,GEN,6,244287,252800,250516.0,P2
"GVNZ - GOVT MEDICAL COLLEGE, NIZAMABAD",BCA,FEM,MRC,3,143531,155310,145527.8,P2
"GVNZ - GOVT MEDICAL COLLEGE, NIZAMABAD",BCA,GEN,CAP,1,201395,201395,201395.0,P2
"GVNZ - GOVT MEDICAL COLLEGE, NIZAMABAD",BCA,GEN,GEN,1,162390,162390,162390.0,P2
"GVNZ - GOVT MEDICAL COLLEGE, NIZAMABAD",BCA,GEN,MRC,4,134655,159097,141003.4,P2
"GVNZ - GOVT MEDICAL COLLEGE, NIZAMABAD",BCB,GEN,GEN,5,62395,68107,64449.8,P2
"GVNZ - GOVT MEDICAL COLLEGE, NIZAMABAD",BCB,GEN,MRC,4,62645,68141,64947.4,P2
"GVNZ - GOVT MEDICAL COLLEGE, NIZAMABAD",BCC,GEN,MRC,1,115859,115859,115859.0,P1
"GVNZ - GOVT MEDICAL COLLEGE, NIZAMABAD",BCD,FEM,MRC,2,73522,79403,75874.4,P2
"GVNZ - GOVT MEDICAL COLLEGE, NIZAMABAD",BCD,GEN,GEN,1,85883,85883,85883.0,P2
"GVNZ - GOVT MEDICAL COLLEGE, NIZAMABAD",BCD,GEN,MRC,7,71313,87482,83003.4,P2
"GVNZ - GOVT MEDICAL COLLEGE, NIZAMABAD",BCE,FEM,MRC,1,70764,70764,70764.0,P1
"GVNZ - GOVT MEDICAL COLLEGE, NIZAMABAD",BCE,GEN,GEN,1,81735,81735,81735.0,P3
"GVNZ - GOVT MEDICAL COLLEGE, NIZAMABAD",BCE,GEN,MRC,1,78870,78870,78870.0,P2
"GVNZ - GOVT MEDICAL COLLEGE, NIZAMABAD",EWS,FEM,MRC,4,74656,79080,74955.8,P2
"GVNZ - GOVT MEDICAL COLLEGE, NIZAMABAD",EWS,GEN,GEN,6,81370,94443,86955.0,P2
"GVNZ - GOVT MEDICAL COLLEGE, NIZAMABAD",EWS,GEN,MRC,3,79495,91588,87621.4,P2
"GVNZ - GOVT MEDICAL COLLEGE, NIZAMABAD",OPEN,FEM,GEN,13,27592,60035,49068.6,P2
"GVNZ - GOVT MEDICAL COLLEGE, NIZAMABAD",OPEN,GEN,GEN,17,36244,62324,51904.0,P2
"GVNZ - GOVT MEDICAL COLLEGE, NIZAMABAD",SC,FEM,GEN,1,142011,142011,142011.0,P1
"GVNZ - GOVT MEDICAL COLLEGE, NIZAMABAD",SC,FEM,MRC,4,139623,145924,140386.8,P2
"GVNZ - GOVT MEDICAL COLLEGE, NIZAMABAD",SC,GEN,GEN,6,138968,151997,147461.0,P2
"GVNZ - GOVT MEDICAL COLLEGE, NIZAMABAD",SC,GEN,MRC,7,135803,151226,142034.4,P1
"GVNZ - GOVT MEDICAL COLLEGE, NIZAMABAD",ST,FEM,GEN,1,148605,148605,148605.0,P2
"GVNZ - GOVT MEDICAL COLLEGE, NIZAMABAD",ST,FEM,MRC,4,145272,151389,147682.4,P2
"GVNZ - GOVT MEDICAL COLLEGE, NIZAMABAD",ST,GEN,GEN,3,148717,161674,158105.8,P2
"GVNZ - GOVT MEDICAL COLLEGE, NIZAMABAD",ST,GEN,MRC,3,142023,153754,144233.4,P1
"GWNP - GOVT MEDICAL COLLEGE, WANAPARTHY",BCA,FEM,GEN,3,217736,249932,241088.8,P2
"GWNP - GOVT MEDICAL COLLEGE, WANAPARTHY",BCA,GEN,GEN,8,217558,251754,222640.4,P2
"GWNP - GOVT MEDICAL COLLEGE, WANAPARTHY",BCB,FEM,GEN,1,149796,149796,149796.0,P2
"GWNP - GOVT MEDICAL COLLEGE, WANAPARTHY",BCB,GEN,GEN,6,147969,157851,154480.0,P2
"GWNP - GOVT MEDICAL COLLEGE, WANAPARTHY",BCB,GEN,MRC,1,156272,156272,156272.0,P2
"GWNP - GOVT MEDICAL COLLEGE, WANAPARTHY",BCC,FEM,GEN,1,226735,226735,226735.0,P2
"GWNP - GOVT MEDICAL COLLEGE, WANAPARTHY",BCD,FEM,GEN,4,143197,154050,150456.0,P2
"GWNP - GOVT MEDICAL COLLEGE, WANAPARTHY",BCD,GEN,GEN,4,153679,156539,154328.6,P2
"GWNP - GOVT MEDICAL COLLEGE, WANAPARTHY",BCD,GEN,MRC,3,151312,155035,151835.2,P2
"GWNP - GOVT MEDICAL COLLEGE, WANAPARTHY",BCE,GEN,GEN,3,148454,158410,155906.8,P2
"GWNP - GOVT MEDICAL COLLEGE, WANAPARTHY",BCE,GEN,MRC,1,149240,149240,149240.0,P2
"GWNP - GOVT MEDICAL COLLEGE, WANAPARTHY",EWS,GEN,GEN,1,148005,148005,148005.0,P2
"GWNP - GOVT MEDICAL COLLEGE, WANAPARTHY",OPEN,FEM,GEN,25,95347,136945,120491.4,P2
"GWNP - GOVT MEDICAL COLLEGE, WANAPARTHY",OPEN,GEN,CAP,1,211763,211763,211763.0,P2
"GWNP - GOVT MEDICAL COLLEGE, WANAPARTHY",OPEN,GEN,GEN,33,91655,147909,139871.2,P2
"GWNP - GOVT MEDICAL COLLEGE, WANAPARTHY",SC,FEM,GEN,6,208327,228254,214724.0,P2
"GWNP - GOVT MEDICAL COLLEGE, WANAPARTHY",SC,GEN,GEN,14,207563,240384,227398.4,P2
"GWNP - GOVT MEDICAL COLLEGE, WANAPARTHY",ST,FEM,GEN,4,205931,210529,206506.4,P1
"GWNP - GOVT MEDICAL COLLEGE, WANAPARTHY",ST,GEN,GEN,9,195758,217900,213457.4,P2
"GYDT - GOVT MEDICAL COLLEGE, YADADRI BHUVANAGIRI",BCA,FEM,GEN,1,226664,226664,226664.0,P1
"GYDT - GOVT MEDICAL COLLEGE, YADADRI BHUVANAGIRI",BCA,GEN,GEN,1,228147,228147,228147.0,P1
"GYDT - GOVT MEDICAL COLLEGE, YADADRI BHUVANAGIRI",BCB,FEM,GEN,3,177849,194415,189919.4,P2
"GYDT - GOVT MEDICAL COLLEGE, YADADRI BHUVANAGIRI",BCB,FEM,MRC,1,164496,164496,164496.0,P2
"GYDT - GOVT MEDICAL COLLEGE, YADADRI BHUVANAGIRI",BCB,GEN,GEN,4,169818,196127,186309.8,P2
"GYDT - GOVT MEDICAL COLLEGE, YADADRI BHUVANAGIRI",BCC,GEN,GEN,1,234581,234581,234581.0,P1
"GYDT - GOVT MEDICAL COLLEGE, YADADRI BHUVANAGIRI",BCD,FEM,GEN,2,162747,185849,171987.8,P2
"GYDT - GOVT MEDICAL COLLEGE, YADADRI BHUVANAGIRI",BCD,GEN,GEN,4,188796,192459,190796.4,P2
"GYDT - GOVT MEDICAL COLLEGE, YADADRI BHUVANAGIRI",BCE,GEN,GEN,3,160546,190118,181031.6,P2
"GYDT - GOVT MEDICAL COLLEGE, YADADRI BHUVANAGIRI",OPEN,FEM,GEN,5,125638,155905,144344.0,P2
"GYDT - GOVT MEDICAL COLLEGE, YADADRI BHUVANAGIRI",OPEN,GEN,GEN,7,124085,150248,141795.2,P1
"GYDT - GOVT MEDICAL COLLEGE, YADADRI BHUVANAGIRI",SC,FEM,GEN,2,257873,257875,257873.8,P2
"GYDT - GOVT MEDICAL COLLEGE, YADADRI BHUVANAGIRI",SC,GEN,GEN,4,263057,269467,266238.0,P2
"GYDT - GOVT MEDICAL COLLEGE, YADADRI BHUVANAGIRI",ST,FEM,GEN,1,261421,261421,261421.0,P2
"GYDT - GOVT MEDICAL COLLEGE, YADADRI BHUVANAGIRI",ST,GEN,GEN,4,248216,261511,251536.6,P2
"KKTI - KAKATIYA MEDICAL COLLEGE, WARANGAL",BCA,FEM,GEN,1,89489,89489,89489.0,P1
"KKTI - KAKATIYA MEDICAL COLLEGE, WARANGAL",BCA,FEM,MRC,4,96489,104517,96797.0,P1
"KKTI - KAKATIYA MEDICAL COLLEGE, WARANGAL",BCA,GEN,GEN,4,89667,132252,122372.4,P2
"KKTI - KAKATIYA MEDICAL COLLEGE, WARANGAL",BCA,GEN,MRC,11,101566,132098,116834.0,P2
"KKTI - KAKATIYA MEDICAL COLLEGE, WARANGAL",BCB,FEM,GEN,10,42361,50743,43720.8,P2
"KKTI - KAKATIYA MEDICAL COLLEGE, WARANGAL",BCB,FEM,MRC,1,37979,37979,37979.0,P2
"KKTI - KAKATIYA MEDICAL COLLEGE, WARANGAL",BCB,GEN,GEN,19,41908,61382,50946.6,P2
"KKTI - KAKATIYA MEDICAL COLLEGE, WARANGAL",BCB,GEN,MRC,7,40136,60172,42130.2,P2
"KKTI - KAKATIYA MEDICAL COLLEGE, WARANGAL",BCC,FEM,MRC,2,111755,136078,121484.2,P1
"KKTI - KAKATIYA MEDICAL COLLEGE, WARANGAL",BCC,GEN,GEN,1,72763,72763,72763.0,P2
"KKTI - KAKATIYA MEDICAL COLLEGE, WARANGAL",BCC,GEN,MRC,1,79448,79448,79448.0,P2
"KKTI - KAKATIYA MEDICAL COLLEGE, WARANGAL",BCD,FEM,GEN,1,56259,56259,56259.0,P2
"KKTI - KAKATIYA MEDICAL COLLEGE, WARANGAL",BCD,FEM,MRC,7,44409,61986,53866.6,P2
"KKTI - KAKATIYA MEDICAL COLLEGE, WARANGAL",BCD,GEN,GEN,3,62996,64544,63828.8,P2
"KKTI - KAKATIYA MEDICAL COLLEGE, WARANGAL",BCD,GEN,MRC,14,44583,70156,61476.8,P2
"KKTI - KAKATIYA MEDICAL COLLEGE, WARANGAL",BCE,FEM,MRC,3,50996,55194,53966.4,P1
"KKTI - KAKATIYA MEDICAL COLLEGE, WARANGAL",BCE,GEN,GEN,5,47996,70149,55969.4,P2
"KKTI - KAKATIYA MEDICAL COLLEGE, WARANGAL",BCE,GEN,MRC,2,45698,68450,54798.8,P1
"KKTI - KAKATIYA MEDICAL COLLEGE, WARANGAL",EWS,FEM,MRC,10,44484,58378,50158.2,P2
"KKTI - KAKATIYA MEDICAL COLLEGE, WARANGAL",EWS,GEN,GEN,1,71402,71402,71402.0,P2
"KKTI - KAKATIYA MEDICAL COLLEGE, WARANGAL",EWS,GEN,MRC,23,44398,73521,65123.200000000004,P2
"KKTI - KAKATIYA MEDICAL COLLEGE, WARANGAL",OPEN,FEM,CAP,1,67837,67837,67837.0,P2
"KKTI - KAKATIYA MEDICAL COLLEGE, WARANGAL",OPEN,FEM,GEN,14,23817,32328,26305.0,P2
"KKTI - KAKATIYA MEDICAL COLLEGE, WARANGAL",OPEN,FEM,PHO,1,843298,843298,843298.0,P1
"KKTI - KAKATIYA MEDICAL COLLEGE, WARANGAL",OPEN,GEN,GEN,15,25499,36368,31413.6,P2
"KKTI - KAKATIYA MEDICAL COLLEGE, WARANGAL",OPEN,GEN,PHO,1,851307,851307,851307.0,P1
"KKTI - KAKATIYA MEDICAL COLLEGE, WARANGAL",SC,FEM,GEN,2,117988,118705,118274.8,P1
"KKTI - KAKATIYA MEDICAL COLLEGE, WARANGAL",SC,FEM,MRC,9,114532,126094,119591.2,P1
"KKTI - KAKATIYA MEDICAL COLLEGE, WARANGAL",SC,GEN,GEN,1,116559,116559,116559.0,P1
"KKTI - KAKATIYA MEDICAL COLLEGE, WARANGAL",SC,GEN,MRC,20,84062,134928,127803.4,P1
"KKTI - KAKATIYA MEDICAL COLLEGE, WARANGAL",ST,FEM,GEN,2,124234,133094,127778.0,P1
"KKTI - KAKATIYA MEDICAL COLLEGE, WARANGAL",ST,FEM,MRC,5,115969,135770,122139.4,P1
"KKTI - KAKATIYA MEDICAL COLLEGE, WARANGAL",ST,GEN,GEN,5,117172,130655,127661.6,P1
"KKTI - KAKATIYA MEDICAL COLLEGE, WARANGAL",ST,GEN,MRC,9,95262,140875,122175.2,P1
"KMHD - KAMINENI ACADEMY OF MEDICAL SCI AND RESEARCH, HYD",BCA,FEM,GEN,1,194474,194474,194474.0,P1
"KMHD - KAMINENI ACADEMY OF MEDICAL SCI AND RESEARCH, HYD",BCA,FEM,MRC,1,148523,148523,148523.0,P1
"KMHD - KAMINENI ACADEMY OF MEDICAL SCI AND RESEARCH, HYD",BCA,GEN,GEN,2,198675,200773,199514.2,P1
"KMHD - KAMINENI ACADEMY OF MEDICAL SCI AND RESEARCH, HYD",BCA,GEN,MRC,1,164364,164364,164364.0,P1
"KMHD - KAMINENI ACADEMY OF MEDICAL SCI AND RESEARCH, HYD",BCB,FEM,GEN,2,78473,84198,80763.0,P2
"KMHD - KAMINENI ACADEMY OF MEDICAL SCI AND RESEARCH, HYD",BCB,FEM,MRC,2,81454,82958,82055.6,P2
"KMHD - KAMINENI ACADEMY OF MEDICAL SCI AND RESEARCH, HYD",BCB,GEN,GEN,5,82532,90095,87072.0,P2
"KMHD - KAMINENI ACADEMY OF MEDICAL SCI AND RESEARCH, HYD",BCB,GEN,MRC,2,86945,89971,88155.4,P2
"KMHD - KAMINENI ACADEMY OF MEDICAL SCI AND RESEARCH, HYD",BCC,FEM,GEN,1,174414,174414,174414.0,P1
"KMHD - KAMINENI ACADEMY OF MEDICAL SCI AND RESEARCH, HYD",BCD,FEM,GEN,1,82360,82360,82360.0,P2
"KMHD - KAMINENI ACADEMY OF MEDICAL SCI AND RESEARCH, HYD",BCD,FEM,MRC,1,87079,87079,87079.0,P2
"KMHD - KAMINENI ACADEMY OF MEDICAL SCI AND RESEARCH, HYD",BCD,GEN,GEN,4,76903,105669,99877.4,P2
"KMHD - KAMINENI ACADEMY OF MEDICAL SCI AND RESEARCH, HYD",BCD,GEN,MRC,2,81458,98001,88075.2,P2
"KMHD - KAMINENI ACADEMY OF MEDICAL SCI AND RESEARCH, HYD",BCE,FEM,GEN,2,125594,130066,127382.8,P2
"KMHD - KAMINENI ACADEMY OF MEDICAL SCI AND RESEARCH, HYD",BCE,GEN,GEN,2,83168,132101,102741.2,P1
"KMHD - KAMINENI ACADEMY OF MEDICAL SCI AND RESEARCH, HYD",BCE,GEN,MRC,1,125601,125601,125601.0,P2
"KMHD - KAMINENI ACADEMY OF MEDICAL SCI AND RESEARCH, HYD",EWS,GEN,GEN,1,64356,64356,64356.0,P2
"KMHD - KAMINENI ACADEMY OF MEDICAL SCI AND RESEARCH, HYD",EWS,GEN,MRC,1,68330,68330,68330.0,P2
"KMHD - KAMINENI ACADEMY OF MEDICAL SCI AND RESEARCH, HYD",OPEN,FEM,CAP,1,258022,258022,258022.0,P2
"KMHD - KAMINENI ACADEMY OF MEDICAL SCI AND RESEARCH, HYD",OPEN,FEM,GEN,9,37409,44886,41282.6,P1
"KMHD - KAMINENI ACADEMY OF MEDICAL SCI AND RESEARCH, HYD",OPEN,GEN,GEN,13,37481,57267,48058.2,P2
"KMHD - KAMINENI ACADEMY OF MEDICAL SCI AND RESEARCH, HYD",SC,FEM,GEN,3,172265,191584,180026.6,P2
"KMHD - KAMINENI ACADEMY OF MEDICAL SCI AND RESEARCH, HYD",SC,FEM,MRC,1,135543,135543,135543.0,P1
"KMHD - KAMINENI ACADEMY OF MEDICAL SCI AND RESEARCH, HYD",SC,GEN,GEN,8,176274,204433,197294.8,P1
"KMHD - KAMINENI ACADEMY OF MEDICAL SCI AND RESEARCH, HYD",ST,FEM,GEN,3,171232,188959,185336.0,P1
"KMHD - KAMINENI ACADEMY OF MEDICAL SCI AND RESEARCH, HYD",ST,GEN,GEN,5,192983,213330,202464.8,P2
"KMNI - KAMINENI INSTITUTE OF MEDICAL SCIENCES., NARKETPALLY",BCA,FEM,GEN,2,213815,226498,218888.2,P1
"KMNI - KAMINENI INSTITUTE OF MEDICAL SCIENCES., NARKETPALLY",BCA,GEN,GEN,6,231581,305746,288584.0,P2
"KMNI - KAMINENI INSTITUTE OF MEDICAL SCIENCES., NARKETPALLY",BCB,FEM,MRC,1,145906,145906,145906.0,P2
"KMNI - KAMINENI INSTITUTE OF MEDICAL SCIENCES., NARKETPALLY",BCB,GEN,GEN,6,161701,174937,169483.0,P2
"KMNI - KAMINENI INSTITUTE OF MEDICAL SCIENCES., NARKETPALLY",BCB,GEN,MRC,1,147718,147718,147718.0,P1
"KMNI - KAMINENI INSTITUTE OF MEDICAL SCIENCES., NARKETPALLY",BCC,GEN,GEN,1,293846,293846,293846.0,P2
"KMNI - KAMINENI INSTITUTE OF MEDICAL SCIENCES., NARKETPALLY",BCD,GEN,GEN,4,146466,175000,159292.80000000002,P2
"KMNI - KAMINENI INSTITUTE OF MEDICAL SCIENCES., NARKETPALLY",BCE,FEM,GEN,1,167110,167110,167110.0,P1
"KMNI - KAMINENI INSTITUTE OF MEDICAL SCIENCES., NARKETPALLY",BCE,GEN,GEN,3,150271,191949,176507.8,P2
"KMNI - KAMINENI INSTITUTE OF MEDICAL SCIENCES., NARKETPALLY",EWS,FEM,GEN,3,148611,160982,150405.4,P2
"KMNI - KAMINENI INSTITUTE OF MEDICAL SCIENCES., NARKETPALLY",OPEN,FEM,GEN,15,68778,122845,91769.0,P2
"KMNI - KAMINENI INSTITUTE OF MEDICAL SCIENCES., NARKETPALLY",OPEN,GEN,CAP,1,168906,168906,168906.0,P1
"KMNI - KAMINENI INSTITUTE OF MEDICAL SCIENCES., NARKETPALLY",OPEN,GEN,GEN,29,63681,143562,128915.4,P2
"KMNI - KAMINENI INSTITUTE OF MEDICAL SCIENCES., NARKETPALLY",SC,FEM,GEN,6,249784,271984,253071.0,P2
"KMNI - KAMINENI INSTITUTE OF MEDICAL SCIENCES., NARKETPALLY",SC,GEN,GEN,10,236582,288880,273261.6,P2
"KMNI - KAMINENI INSTITUTE OF MEDICAL SCIENCES., NARKETPALLY",ST,FEM,GEN,3,259676,267357,261736.0,P3
"KMNI - KAMINENI INSTITUTE OF MEDICAL SCIENCES., NARKETPALLY",ST,GEN,GEN,8,259202,270349,267349.0,P2
"MAHE - MAHESHWARA MEDICAL COLLEGE,  PATANCHERU, MEDAK",BCA,FEM,GEN,2,309456,310105,309715.6,P2
"MAHE - MAHESHWARA MEDICAL COLLEGE,  PATANCHERU, MEDAK",BCA,GEN,GEN,3,316690,320402,317040.4,P2
"MAHE - MAHESHWARA MEDICAL COLLEGE,  PATANCHERU, MEDAK",BCB,FEM,GEN,5,208773,217565,214914.4,P2
"MAHE - MAHESHWARA MEDICAL COLLEGE,  PATANCHERU, MEDAK",BCB,GEN,GEN,12,211883,220549,218623.8,P2
"MAHE - MAHESHWARA MEDICAL COLLEGE,  PATANCHERU, MEDAK",BCC,FEM,GEN,1,306281,306281,306281.0,P2
"MAHE - MAHESHWARA MEDICAL COLLEGE,  PATANCHERU, MEDAK",BCC,GEN,GEN,1,307657,307657,307657.0,P2
"MAHE - MAHESHWARA MEDICAL COLLEGE,  PATANCHERU, MEDAK",BCD,FEM,GEN,4,204629,208175,207395.4,P2
"MAHE - MAHESHWARA MEDICAL COLLEGE,  PATANCHERU, MEDAK",BCD,GEN,GEN,5,204654,209267,207885.4,P2
"MAHE - MAHESHWARA MEDICAL COLLEGE,  PATANCHERU, MEDAK",BCE,FEM,GEN,2,206336,216309,210325.2,P2
"MAHE - MAHESHWARA MEDICAL COLLEGE,  PATANCHERU, MEDAK",BCE,GEN,GEN,3,208475,220582,215876.6,P2
"MAHE - MAHESHWARA MEDICAL COLLEGE,  PATANCHERU, MEDAK",OPEN,FEM,CAP,1,243754,243754,243754.0,P1
"MAHE - MAHESHWARA MEDICAL COLLEGE,  PATANCHERU, MEDAK",OPEN,FEM,GEN,5,160406,184786,179995.2,P2
"MAHE - MAHESHWARA MEDICAL COLLEGE,  PATANCHERU, MEDAK",OPEN,GEN,GEN,12,184319,188570,186279.6,P2
"MAHE - MAHESHWARA MEDICAL COLLEGE,  PATANCHERU, MEDAK",SC,FEM,GEN,4,302366,307125,305894.0,P2
"MAHE - MAHESHWARA MEDICAL COLLEGE,  PATANCHERU, MEDAK",SC,GEN,GEN,7,295010,307576,307488.0,P2
"MAHE - MAHESHWARA MEDICAL COLLEGE,  PATANCHERU, MEDAK",ST,FEM,GEN,3,265642,283777,280107.6,P1
"MAHE - MAHESHWARA MEDICAL COLLEGE,  PATANCHERU, MEDAK",ST,GEN,GEN,5,282963,287365,285866.2,P3
"MAMS - MAMATA ACADEMY OF MED SCI, BACHUPALLY",BCA,FEM,GEN,2,173542,193450,181505.2,P1
"MAMS - MAMATA ACADEMY OF MED SCI, BACHUPALLY",BCA,GEN,GEN,3,191934,214780,193066.0,P1
"MAMS - MAMATA ACADEMY OF MED SCI, BACHUPALLY",BCB,FEM,GEN,1,78261,78261,78261.0,P2
"MAMS - MAMATA ACADEMY OF MED SCI, BACHUPALLY",BCB,FEM,MRC,1,78034,78034,78034.0,P2
"MAMS - MAMATA ACADEMY OF MED SCI, BACHUPALLY",BCB,GEN,GEN,5,93928,104954,96955.4,P2
"MAMS - MAMATA ACADEMY OF MED SCI, BACHUPALLY",BCC,FEM,GEN,1,194332,194332,194332.0,P1
"MAMS - MAMATA ACADEMY OF MED SCI, BACHUPALLY",BCD,FEM,MRC,1,102747,102747,102747.0,P2
"MAMS - MAMATA ACADEMY OF MED SCI, BACHUPALLY",BCD,GEN,GEN,2,114246,125873,118896.8,P2
"MAMS - MAMATA ACADEMY OF MED SCI, BACHUPALLY",BCD,GEN,MRC,3,108843,124531,121076.6,P2
"MAMS - MAMATA ACADEMY OF MED SCI, BACHUPALLY",BCE,FEM,GEN,1,134932,134932,134932.0,P2
"MAMS - MAMATA ACADEMY OF MED SCI, BACHUPALLY",BCE,GEN,GEN,2,85026,119193,98692.8,P1
"MAMS - MAMATA ACADEMY OF MED SCI, BACHUPALLY",EWS,FEM,GEN,2,81172,84626,82553.6,P2
"MAMS - MAMATA ACADEMY OF MED SCI, BACHUPALLY",EWS,GEN,GEN,1,77611,77611,77611.0,P2
"MAMS - MAMATA ACADEMY OF MED SCI, BACHUPALLY",OPEN,FEM,GEN,9,8226,61352,56555.2,P2
"MAMS - MAMATA ACADEMY OF MED SCI, BACHUPALLY",OPEN,FEM,PHO,1,653143,653143,653143.0,P1
"MAMS - MAMATA ACADEMY OF MED SCI, BACHUPALLY",OPEN,GEN,CAP,1,177852,177852,177852.0,P1
"MAMS - MAMATA ACADEMY OF MED SCI, BACHUPALLY",OPEN,GEN,GEN,20,37801,69872,57729.0,P1
"MAMS - MAMATA ACADEMY OF MED SCI, BACHUPALLY",SC,FEM,GEN,4,209172,223626,213972.4,P1
"MAMS - MAMATA ACADEMY OF MED SCI, BACHUPALLY",SC,GEN,GEN,7,220609,248788,228969.4,P1
"MAMS - MAMATA ACADEMY OF MED SCI, BACHUPALLY",ST,FEM,GEN,3,209805,216855,214528.2,P1
"MAMS - MAMATA ACADEMY OF MED SCI, BACHUPALLY",ST,GEN,GEN,5,217639,234748,219475.4,P1
MEDI - MEDICITY INSTITUTE OF MEDICAL SCIENCES,BCA,FEM,GEN,1,245153,245153,245153.0,P1
MEDI - MEDICITY INSTITUTE OF MEDICAL SCIENCES,BCA,GEN,GEN,4,223587,285437,267586.8,P2
MEDI - MEDICITY INSTITUTE OF MEDICAL SCIENCES,BCB,GEN,GEN,6,171030,184589,178297.0,P2
MEDI - MEDICITY INSTITUTE OF MEDICAL SCIENCES,BCC,GEN,GEN,1,294019,294019,294019.0,P2
MEDI - MEDICITY INSTITUTE OF MEDICAL SCIENCES,BCD,FEM,CAP,1,281828,281828,281828.0,P2
MEDI - MEDICITY INSTITUTE OF MEDICAL SCIENCES,BCD,FEM,GEN,3,176269,189308,180727.4,P3
MEDI - MEDICITY INSTITUTE OF MEDICAL SCIENCES,BCD,GEN,GEN,3,183235,195579,187563.8,P3
MEDI - MEDICITY INSTITUTE OF MEDICAL SCIENCES,BCE,FEM,GEN,2,176360,193778,183327.2,P2
MEDI - MEDICITY INSTITUTE OF MEDICAL SCIENCES,BCE,GEN,GEN,2,175253,197090,183987.8,P2
MEDI - MEDICITY INSTITUTE OF MEDICAL SCIENCES,OPEN,FEM,GEN,10,118389,144106,121838.4,P2
MEDI - MEDICITY INSTITUTE OF MEDICAL SCIENCES,OPEN,GEN,GEN,22,92842,169558,148896.0,P2
MEDI - MEDICITY INSTITUTE OF MEDICAL SCIENCES,SC,FEM,GEN,5,237467,293697,266093.0,P2
MEDI - MEDICITY INSTITUTE OF MEDICAL SCIENCES,SC,GEN,GEN,7,285222,295369,288863.6,P2
MEDI - MEDICITY INSTITUTE OF MEDICAL SCIENCES,ST,FEM,GEN,2,271973,276027,273594.6,P2
MEDI - MEDICITY INSTITUTE OF MEDICAL SCIENCES,ST,GEN,GEN,6,259705,273611,271201.0,P2
"MHVR - MAHAVIR INSTITUTE OF MEDICAL SCIENCES, VIKARABAD",BCA,FEM,GEN,2,318655,322654,320254.6,P2
"MHVR - MAHAVIR INSTITUTE OF MEDICAL SCIENCES, VIKARABAD",BCA,GEN,GEN,5,322299,329674,326125.4,P2
"MHVR - MAHAVIR INSTITUTE OF MEDICAL SCIENCES, VIKARABAD",BCB,FEM,GEN,4,201557,222013,219509.6,P2
"MHVR - MAHAVIR INSTITUTE OF MEDICAL SCIENCES, VIKARABAD",BCB,GEN,GEN,12,219142,224125,222081.2,P2
"MHVR - MAHAVIR INSTITUTE OF MEDICAL SCIENCES, VIKARABAD",BCC,GEN,GEN,1,279300,279300,279300.0,P1
"MHVR - MAHAVIR INSTITUTE OF MEDICAL SCIENCES, VIKARABAD",BCD,FEM,GEN,4,197297,209771,204277.6,P2
"MHVR - MAHAVIR INSTITUTE OF MEDICAL SCIENCES, VIKARABAD",BCD,GEN,GEN,3,202921,207424,206457.8,P2
"MHVR - MAHAVIR INSTITUTE OF MEDICAL SCIENCES, VIKARABAD",BCE,FEM,GEN,1,217556,217556,217556.0,P3
"MHVR - MAHAVIR INSTITUTE OF MEDICAL SCIENCES, VIKARABAD",BCE,GEN,GEN,4,220627,220817,220672.8,P2
"MHVR - MAHAVIR INSTITUTE OF MEDICAL SCIENCES, VIKARABAD",OPEN,FEM,GEN,9,186160,190068,188943.8,P2
"MHVR - MAHAVIR INSTITUTE OF MEDICAL SCIENCES, VIKARABAD",OPEN,GEN,GEN,9,187897,212617,190421.0,P2
"MHVR - MAHAVIR INSTITUTE OF MEDICAL SCIENCES, VIKARABAD",SC,FEM,GEN,4,285244,304211,294628.6,P2
"MHVR - MAHAVIR INSTITUTE OF MEDICAL SCIENCES, VIKARABAD",SC,GEN,CAP,1,558212,558212,558212.0,P1
"MHVR - MAHAVIR INSTITUTE OF MEDICAL SCIENCES, VIKARABAD",SC,GEN,GEN,7,307519,309366,308036.4,P2
"MHVR - MAHAVIR INSTITUTE OF MEDICAL SCIENCES, VIKARABAD",ST,FEM,GEN,2,270971,272879,271734.2,P2
"MHVR - MAHAVIR INSTITUTE OF MEDICAL SCIENCES, VIKARABAD",ST,GEN,GEN,7,263943,284714,274812.6,P2
"MMTA - MAMATA MEDICAL COLLEGE, KHAMMAM",BCA,FEM,GEN,2,237357,248130,241666.2,P1
"MMTA - MAMATA MEDICAL COLLEGE, KHAMMAM",BCA,GEN,GEN,6,222006,301478,277052.0,P2
"MMTA - MAMATA MEDICAL COLLEGE, KHAMMAM",BCB,FEM,GEN,1,151841,151841,151841.0,P2
"MMTA - MAMATA MEDICAL COLLEGE, KHAMMAM",BCB,GEN,GEN,4,154202,165636,160375.0,P2
"MMTA - MAMATA MEDICAL COLLEGE, KHAMMAM",BCB,GEN,MRC,2,155219,160467,157318.2,P2
"MMTA - MAMATA MEDICAL COLLEGE, KHAMMAM",BCC,GEN,GEN,2,261124,292259,273578.0,P1
"MMTA - MAMATA MEDICAL COLLEGE, KHAMMAM",BCD,FEM,MRC,1,151357,151357,151357.0,P2
"MMTA - MAMATA MEDICAL COLLEGE, KHAMMAM",BCD,GEN,GEN,8,158148,176911,169790.0,P2
"MMTA - MAMATA MEDICAL COLLEGE, KHAMMAM",BCE,FEM,GEN,1,200578,200578,200578.0,P2
"MMTA - MAMATA MEDICAL COLLEGE, KHAMMAM",BCE,GEN,GEN,3,158963,188684,165787.8,P1
"MMTA - MAMATA MEDICAL COLLEGE, KHAMMAM",EWS,FEM,GEN,2,151544,154030,152538.4,P2
"MMTA - MAMATA MEDICAL COLLEGE, KHAMMAM",OPEN,FEM,GEN,16,62515,127492,110695.0,P2
"MMTA - MAMATA MEDICAL COLLEGE, KHAMMAM",OPEN,GEN,GEN,24,111652,150341,133728.4,P2
"MMTA - MAMATA MEDICAL COLLEGE, KHAMMAM",SC,FEM,GEN,5,184574,256510,232967.8,P2
"MMTA - MAMATA MEDICAL COLLEGE, KHAMMAM",SC,GEN,GEN,12,234994,286895,269579.4,P2
"MMTA - MAMATA MEDICAL COLLEGE, KHAMMAM",ST,FEM,GEN,3,219841,240378,235069.8,P1
"MMTA - MAMATA MEDICAL COLLEGE, KHAMMAM",ST,GEN,GEN,8,202909,259396,245702.0,P2
"MNRS - MNR MEDICAL COLLEGE, SANGAREDDY",BCA,FEM,GEN,2,292639,308129,298835.0,P1
"MNRS - MNR MEDICAL COLLEGE, SANGAREDDY",BCA,GEN,CAP,1,485250,485250,485250.0,P1
"MNRS - MNR MEDICAL COLLEGE, SANGAREDDY",BCA,GEN,GEN,3,289685,309357,304071.4,P2
"MNRS - MNR MEDICAL COLLEGE, SANGAREDDY",BCB,FEM,GEN,3,190279,210440,190398.2,P2
"MNRS - MNR MEDICAL COLLEGE, SANGAREDDY",BCB,GEN,GEN,8,199979,213617,211585.0,P2
"MNRS - MNR MEDICAL COLLEGE, SANGAREDDY",BCC,FEM,GEN,1,302648,302648,302648.0,P2
"MNRS - MNR MEDICAL COLLEGE, SANGAREDDY",BCD,FEM,GEN,4,195681,207865,205498.0,P2
"MNRS - MNR MEDICAL COLLEGE, SANGAREDDY",BCD,GEN,GEN,9,197157,208900,202420.6,P2
"MNRS - MNR MEDICAL COLLEGE, SANGAREDDY",BCE,FEM,GEN,1,213285,213285,213285.0,P2
"MNRS - MNR MEDICAL COLLEGE, SANGAREDDY",BCE,GEN,GEN,2,215217,216612,215775.0,P2
"MNRS - MNR MEDICAL COLLEGE, SANGAREDDY",OPEN,FEM,GEN,6,128075,163308,137090.0,P1
"MNRS - MNR MEDICAL COLLEGE, SANGAREDDY",OPEN,GEN,GEN,13,164909,187159,180776.0,P2
"MNRS - MNR MEDICAL COLLEGE, SANGAREDDY",SC,FEM,GEN,5,253175,297059,281677.8,P2
"MNRS - MNR MEDICAL COLLEGE, SANGAREDDY",SC,GEN,GEN,10,254766,301705,298822.2,P2
"MNRS - MNR MEDICAL COLLEGE, SANGAREDDY",ST,FEM,GEN,2,273819,277044,275109.0,P2
"MNRS - MNR MEDICAL COLLEGE, SANGAREDDY",ST,GEN,GEN,5,248139,278010,275480.8,P2
"NOVA - NOVA INSTITUTE OF MEDICAL SCIECNES, HAYATHNAGAR, RR",BCA,FEM,GEN,2,325804,327884,326636.0,P3
"NOVA - NOVA INSTITUTE OF MEDICAL SCIECNES, HAYATHNAGAR, RR",BCA,GEN,GEN,3,328091,335664,334114.2,P3
"NOVA - NOVA INSTITUTE OF MEDICAL SCIECNES, HAYATHNAGAR, RR",BCB,FEM,GEN,3,216904,222004,220058.4,P3
"NOVA - NOVA INSTITUTE OF MEDICAL SCIECNES, HAYATHNAGAR, RR",BCB,GEN,GEN,5,217712,228592,224561.8,P3
"NOVA - NOVA INSTITUTE OF MEDICAL SCIECNES, HAYATHNAGAR, RR",BCC,GEN,GEN,1,303691,303691,303691.0,P3
"NOVA - NOVA INSTITUTE OF MEDICAL SCIECNES, HAYATHNAGAR, RR",BCD,FEM,GEN,2,204688,210581,207045.2,P3
"NOVA - NOVA INSTITUTE OF MEDICAL SCIECNES, HAYATHNAGAR, RR",BCD,GEN,GEN,3,212315,213454,213124.6,P3
"NOVA - NOVA INSTITUTE OF MEDICAL SCIECNES, HAYATHNAGAR, RR",BCE,FEM,GEN,1,215765,215765,215765.0,P3
"NOVA - NOVA INSTITUTE OF MEDICAL SCIECNES, HAYATHNAGAR, RR",BCE,GEN,GEN,2,219510,222327,220636.8,P3
"NOVA - NOVA INSTITUTE OF MEDICAL SCIECNES, HAYATHNAGAR, RR",OPEN,FEM,GEN,11,188606,198126,194732.0,P3
"NOVA - NOVA INSTITUTE OF MEDICAL SCIECNES, HAYATHNAGAR, RR",OPEN,GEN,CAP,1,307491,307491,307491.0,P3
"NOVA - NOVA INSTITUTE OF MEDICAL SCIECNES, HAYATHNAGAR, RR",OPEN,GEN,GEN,22,189998,201744,199200.4,P3
"NOVA - NOVA INSTITUTE OF MEDICAL SCIECNES, HAYATHNAGAR, RR",SC,FEM,GEN,4,302316,308027,306293.2,P3
"NOVA - NOVA INSTITUTE OF MEDICAL SCIECNES, HAYATHNAGAR, RR",SC,GEN,GEN,7,309414,311648,311479.4,P3
"NOVA - NOVA INSTITUTE OF MEDICAL SCIECNES, HAYATHNAGAR, RR",ST,FEM,GEN,3,269488,287433,275936.0,P3
"NOVA - NOVA INSTITUTE OF MEDICAL SCIECNES, HAYATHNAGAR, RR",ST,GEN,GEN,5,288680,292181,288977.6,P3
"OMCH - OSMANIA MEDICAL COLLEGE, HYDERABAD",BCA,FEM,MRC,6,46738,65431,55885.0,P1
"OMCH - OSMANIA MEDICAL COLLEGE, HYDERABAD",BCA,GEN,GEN,3,53842,86395,69751.6,P1
"OMCH - OSMANIA MEDICAL COLLEGE, HYDERABAD",BCA,GEN,MRC,8,33185,86155,57133.00000000001,P1
"OMCH - OSMANIA MEDICAL COLLEGE, HYDERABAD",BCA,GEN,PHO,1,893069,893069,893069.0,P1
"OMCH - OSMANIA MEDICAL COLLEGE, HYDERABAD",BCB,FEM,GEN,3,30628,35362,32602.4,P2
"OMCH - OSMANIA MEDICAL COLLEGE, HYDERABAD",BCB,FEM,MRC,10,22610,34902,26393.4,P1
"OMCH - OSMANIA MEDICAL COLLEGE, HYDERABAD",BCB,GEN,GEN,3,31462,36000,32671.6,P2
"OMCH - OSMANIA MEDICAL COLLEGE, HYDERABAD",BCB,GEN,MRC,18,22052,37652,25999.4,P1
"OMCH - OSMANIA MEDICAL COLLEGE, HYDERABAD",BCB,GEN,PHO,1,837144,837144,837144.0,P1
"OMCH - OSMANIA MEDICAL COLLEGE, HYDERABAD",BCC,FEM,MRC,1,23246,23246,23246.0,P1
"OMCH - OSMANIA MEDICAL COLLEGE, HYDERABAD",BCC,GEN,MRC,1,38624,38624,38624.0,P2
"OMCH - OSMANIA MEDICAL COLLEGE, HYDERABAD",BCD,FEM,MRC,9,23486,36382,26101.0,P2
"OMCH - OSMANIA MEDICAL COLLEGE, HYDERABAD",BCD,FEM,PHO,1,632092,632092,632092.0,P1
"OMCH - OSMANIA MEDICAL COLLEGE, HYDERABAD",BCD,GEN,GEN,3,41057,42383,42081.0,P2
"OMCH - OSMANIA MEDICAL COLLEGE, HYDERABAD",BCD,GEN,MRC,15,22485,61836,29869.800000000003,P2
"OMCH - OSMANIA MEDICAL COLLEGE, HYDERABAD",BCE,FEM,GEN,3,25536,46697,36038.4,P2
"OMCH - OSMANIA MEDICAL COLLEGE, HYDERABAD",BCE,FEM,MRC,4,28948,31737,29402.0,P2
"OMCH - OSMANIA MEDICAL COLLEGE, HYDERABAD",BCE,GEN,GEN,2,33582,35233,34242.4,P2
"OMCH - OSMANIA MEDICAL COLLEGE, HYDERABAD",BCE,GEN,MRC,6,30912,44826,38938.0,P2
"OMCH - OSMANIA MEDICAL COLLEGE, HYDERABAD",EWS,FEM,GEN,1,38800,38800,38800.0,P2
"OMCH - OSMANIA MEDICAL COLLEGE, HYDERABAD",EWS,FEM,MRC,2,40982,41775,41299.2,P2
"OMCH - OSMANIA MEDICAL COLLEGE, HYDERABAD",EWS,GEN,MRC,1,22628,22628,22628.0,P2
"OMCH - OSMANIA MEDICAL COLLEGE, HYDERABAD",OPEN,FEM,GEN,13,6849,16633,11885.6,P1
"OMCH - OSMANIA MEDICAL COLLEGE, HYDERABAD",OPEN,FEM,PHO,1,502144,502144,502144.0,P1
"OMCH - OSMANIA MEDICAL COLLEGE, HYDERABAD",OPEN,GEN,CAP,2,51544,56982,53719.2,P2
"OMCH - OSMANIA MEDICAL COLLEGE, HYDERABAD",OPEN,GEN,GEN,37,3602,35069,16315.2,P1
"OMCH - OSMANIA MEDICAL COLLEGE, HYDERABAD",OPEN,GEN,PHO,3,412047,573462,430950.2,P1
"OMCH - OSMANIA MEDICAL COLLEGE, HYDERABAD",SC,FEM,GEN,2,81912,94769,87054.8,P1
"OMCH - OSMANIA MEDICAL COLLEGE, HYDERABAD",SC,FEM,MRC,9,37750,99771,89773.4,P1
"OMCH - OSMANIA MEDICAL COLLEGE, HYDERABAD",SC,GEN,GEN,6,63947,105794,83637.0,P1
"OMCH - OSMANIA MEDICAL COLLEGE, HYDERABAD",SC,GEN,MRC,15,78999,109450,94461.8,P1
"OMCH - OSMANIA MEDICAL COLLEGE, HYDERABAD",SC,GEN,PHO,1,832305,832305,832305.0,P1
"OMCH - OSMANIA MEDICAL COLLEGE, HYDERABAD",ST,FEM,GEN,3,99408,103578,101610.4,P2
"OMCH - OSMANIA MEDICAL COLLEGE, HYDERABAD",ST,FEM,MRC,4,31994,108498,100383.6,P1
"OMCH - OSMANIA MEDICAL COLLEGE, HYDERABAD",ST,GEN,GEN,5,99177,114632,107203.6,P1
"OMCH - OSMANIA MEDICAL COLLEGE, HYDERABAD",ST,GEN,MRC,9,57823,115965,109217.8,P1
"PRIW - PRATIMA RELIEF INSTITUTE OF MEDICAL SCIENCES, WARANGAL",BCA,FEM,GEN,3,308093,309596,309215.4,P2
"PRIW - PRATIMA RELIEF INSTITUTE OF MEDICAL SCIENCES, WARANGAL",BCA,GEN,GEN,6,309665,326219,314682.0,P2
"PRIW - PRATIMA RELIEF INSTITUTE OF MEDICAL SCIENCES, WARANGAL",BCB,FEM,GEN,7,195677,236008,212207.0,P2
"PRIW - PRATIMA RELIEF INSTITUTE OF MEDICAL SCIENCES, WARANGAL",BCB,GEN,GEN,9,214777,218928,216203.8,P2
"PRIW - PRATIMA RELIEF INSTITUTE OF MEDICAL SCIENCES, WARANGAL",BCC,FEM,GEN,1,290283,290283,290283.0,P1
"PRIW - PRATIMA RELIEF INSTITUTE OF MEDICAL SCIENCES, WARANGAL",BCD,FEM,GEN,2,201677,203727,202497.0,P2
"PRIW - PRATIMA RELIEF INSTITUTE OF MEDICAL SCIENCES, WARANGAL",BCD,GEN,GEN,4,201494,205127,202444.8,P2
"PRIW - PRATIMA RELIEF INSTITUTE OF MEDICAL SCIENCES, WARANGAL",BCE,FEM,GEN,2,218980,220986,219782.4,P2
"PRIW - PRATIMA RELIEF INSTITUTE OF MEDICAL SCIENCES, WARANGAL",BCE,GEN,GEN,2,220668,221231,220893.2,P2
"PRIW - PRATIMA RELIEF INSTITUTE OF MEDICAL SCIENCES, WARANGAL",OPEN,FEM,GEN,3,185895,187376,186597.4,P3
"PRIW - PRATIMA RELIEF INSTITUTE OF MEDICAL SCIENCES, WARANGAL",OPEN,GEN,CAP,1,276293,276293,276293.0,P2
"PRIW - PRATIMA RELIEF INSTITUTE OF MEDICAL SCIENCES, WARANGAL",OPEN,GEN,GEN,7,186192,191980,188908.2,P3
"PRIW - PRATIMA RELIEF INSTITUTE OF MEDICAL SCIENCES, WARANGAL",SC,FEM,GEN,5,288541,297321,296386.6,P2
"PRIW - PRATIMA RELIEF INSTITUTE OF MEDICAL SCIENCES, WARANGAL",SC,GEN,GEN,11,297010,305773,302368.0,P2
"PRIW - PRATIMA RELIEF INSTITUTE OF MEDICAL SCIENCES, WARANGAL",ST,FEM,GEN,4,259871,276881,275394.4,P2
"PRIW - PRATIMA RELIEF INSTITUTE OF MEDICAL SCIENCES, WARANGAL",ST,GEN,GEN,8,264939,282216,276829.8,P2
"PRTM - PRATHIMA INSTITUTE OF MEDICAL SCIENCES, KARIMNAGAR",BCA,FEM,GEN,3,293851,306368,302403.0,P2
"PRTM - PRATHIMA INSTITUTE OF MEDICAL SCIENCES, KARIMNAGAR",BCA,GEN,GEN,6,288192,307898,304299.0,P2
"PRTM - PRATHIMA INSTITUTE OF MEDICAL SCIENCES, KARIMNAGAR",BCB,GEN,GEN,15,179205,200064,193125.8,P2
"PRTM - PRATHIMA INSTITUTE OF MEDICAL SCIENCES, KARIMNAGAR",BCC,GEN,GEN,1,269203,269203,269203.0,P2
"PRTM - PRATHIMA INSTITUTE OF MEDICAL SCIENCES, KARIMNAGAR",BCD,FEM,GEN,3,179044,180624,179198.4,P2
"PRTM - PRATHIMA INSTITUTE OF MEDICAL SCIENCES, KARIMNAGAR",BCD,GEN,GEN,6,180389,188736,182974.0,P2
"PRTM - PRATHIMA INSTITUTE OF MEDICAL SCIENCES, KARIMNAGAR",BCE,FEM,GEN,2,201526,205028,202926.8,P2
"PRTM - PRATHIMA INSTITUTE OF MEDICAL SCIENCES, KARIMNAGAR",BCE,GEN,GEN,4,187321,215329,203393.0,P2
"PRTM - PRATHIMA INSTITUTE OF MEDICAL SCIENCES, KARIMNAGAR",OPEN,FEM,GEN,22,132033,176403,169103.8,P2
"PRTM - PRATHIMA INSTITUTE OF MEDICAL SCIENCES, KARIMNAGAR",OPEN,GEN,CAP,1,233312,233312,233312.0,P2
"PRTM - PRATHIMA INSTITUTE OF MEDICAL SCIENCES, KARIMNAGAR",OPEN,GEN,GEN,27,128084,178791,176552.6,P2
"PRTM - PRATHIMA INSTITUTE OF MEDICAL SCIENCES, KARIMNAGAR",SC,FEM,GEN,7,269038,293698,289971.0,P2
"PRTM - PRATHIMA INSTITUTE OF MEDICAL SCIENCES, KARIMNAGAR",SC,GEN,GEN,15,239296,295563,292250.0,P2
"PRTM - PRATHIMA INSTITUTE OF MEDICAL SCIENCES, KARIMNAGAR",ST,FEM,GEN,4,224279,269135,262433.2,P2
"PRTM - PRATHIMA INSTITUTE OF MEDICAL SCIENCES, KARIMNAGAR",ST,GEN,GEN,9,242035,272238,270609.2,P2
"RADL - RAJIV INSTITUTE OF MEDICAL SCIENCE, ADILABAD",BCA,FEM,GEN,1,173513,173513,173513.0,P2
"RADL - RAJIV INSTITUTE OF MEDICAL SCIENCE, ADILABAD",BCA,FEM,MRC,2,156294,164354,159518.0,P1
"RADL - RAJIV INSTITUTE OF MEDICAL SCIENCE, ADILABAD",BCA,GEN,GEN,6,148745,190929,175538.0,P2
"RADL - RAJIV INSTITUTE OF MEDICAL SCIENCE, ADILABAD",BCA,GEN,MRC,2,130572,159642,142200.0,P1
"RADL - RAJIV INSTITUTE OF MEDICAL SCIENCE, ADILABAD",BCB,FEM,GEN,2,94043,97320,95353.8,P3
"RADL - RAJIV INSTITUTE OF MEDICAL SCIENCE, ADILABAD",BCB,GEN,GEN,9,97518,110300,101066.6,P2
"RADL - RAJIV INSTITUTE OF MEDICAL SCIENCE, ADILABAD",BCC,GEN,GEN,1,171883,171883,171883.0,P2
"RADL - RAJIV INSTITUTE OF MEDICAL SCIENCE, ADILABAD",BCD,FEM,GEN,3,108659,110746,108660.6,P2
"RADL - RAJIV INSTITUTE OF MEDICAL SCIENCE, ADILABAD",BCD,FEM,MRC,1,102696,102696,102696.0,P2
"RADL - RAJIV INSTITUTE OF MEDICAL SCIENCE, ADILABAD",BCD,GEN,GEN,4,96252,113404,105293.0,P2
"RADL - RAJIV INSTITUTE OF MEDICAL SCIENCE, ADILABAD",BCD,GEN,MRC,2,99819,102201,100771.8,P2
"RADL - RAJIV INSTITUTE OF MEDICAL SCIENCE, ADILABAD",BCE,GEN,GEN,5,107590,126272,110628.8,P2
"RADL - RAJIV INSTITUTE OF MEDICAL SCIENCE, ADILABAD",BCE,GEN,MRC,1,119695,119695,119695.0,P3
"RADL - RAJIV INSTITUTE OF MEDICAL SCIENCE, ADILABAD",EWS,FEM,GEN,3,95244,99249,98073.6,P2
"RADL - RAJIV INSTITUTE OF MEDICAL SCIENCE, ADILABAD",EWS,GEN,GEN,6,99807,107837,101128.0,P2
"RADL - RAJIV INSTITUTE OF MEDICAL SCIENCE, ADILABAD",OPEN,FEM,GEN,11,38017,91827,85303.0,P2
"RADL - RAJIV INSTITUTE OF MEDICAL SCIENCE, ADILABAD",OPEN,GEN,GEN,18,45188,92947,84873.4,P2
"RADL - RAJIV INSTITUTE OF MEDICAL SCIENCE, ADILABAD",SC,FEM,GEN,5,170896,190185,177802.2,P2
"RADL - RAJIV INSTITUTE OF MEDICAL SCIENCE, ADILABAD",SC,FEM,MRC,2,142726,143201,142916.0,P1
"RADL - RAJIV INSTITUTE OF MEDICAL SCIENCE, ADILABAD",SC,GEN,GEN,9,166782,191123,178268.2,P2
"RADL - RAJIV INSTITUTE OF MEDICAL SCIENCE, ADILABAD",SC,GEN,MRC,2,142146,149502,145088.4,P1
"RADL - RAJIV INSTITUTE OF MEDICAL SCIENCE, ADILABAD",ST,FEM,GEN,4,154682,169694,159114.6,P1
"RADL - RAJIV INSTITUTE OF MEDICAL SCIENCE, ADILABAD",ST,GEN,CAP,1,179598,179598,179598.0,P1
"RADL - RAJIV INSTITUTE OF MEDICAL SCIENCE, ADILABAD",ST,GEN,GEN,5,155331,173559,164045.0,P1
"RVMC - RVM MEDICAL COLLEGE, MULUGU",BCA,FEM,GEN,3,287706,289515,287745.2,P2
"RVMC - RVM MEDICAL COLLEGE, MULUGU",BCA,GEN,GEN,7,309388,314836,311397.2,P2
"RVMC - RVM MEDICAL COLLEGE, MULUGU",BCB,FEM,GEN,5,183999,198116,192010.2,P2
"RVMC - RVM MEDICAL COLLEGE, MULUGU",BCB,GEN,GEN,14,197017,211060,208233.0,P2
"RVMC - RVM MEDICAL COLLEGE, MULUGU",BCC,GEN,GEN,2,295417,307563,300275.4,P2
"RVMC - RVM MEDICAL COLLEGE, MULUGU",BCD,FEM,GEN,5,190367,197140,193874.6,P2
"RVMC - RVM MEDICAL COLLEGE, MULUGU",BCD,GEN,GEN,11,190699,206105,200190.0,P2
"RVMC - RVM MEDICAL COLLEGE, MULUGU",BCE,FEM,GEN,2,211131,219400,214438.6,P2
"RVMC - RVM MEDICAL COLLEGE, MULUGU",BCE,GEN,GEN,4,196530,219331,210695.8,P2
"RVMC - RVM MEDICAL COLLEGE, MULUGU",OPEN,FEM,GEN,13,126955,161662,136037.8,P2
"RVMC - RVM MEDICAL COLLEGE, MULUGU",OPEN,GEN,GEN,22,129414,180569,165088.8,P2
"RVMC - RVM MEDICAL COLLEGE, MULUGU",SC,FEM,GEN,8,254518,299022,289607.4,P2
"RVMC - RVM MEDICAL COLLEGE, MULUGU",SC,GEN,CAP,1,757291,757291,757291.0,P1
"RVMC - RVM MEDICAL COLLEGE, MULUGU",SC,GEN,GEN,14,269169,303996,297659.6,P2
"RVMC - RVM MEDICAL COLLEGE, MULUGU",ST,FEM,GEN,5,259212,277056,273446.4,P2
"RVMC - RVM MEDICAL COLLEGE, MULUGU",ST,GEN,GEN,9,278219,284352,280267.2,P2
"SGMC - GOVT MEDICAL COLLEGE, SIDDIPET",BCA,FEM,GEN,1,154378,154378,154378.0,P2
"SGMC - GOVT MEDICAL COLLEGE, SIDDIPET",BCA,FEM,MRC,3,135741,155851,137972.2,P1
"SGMC - GOVT MEDICAL COLLEGE, SIDDIPET",BCA,GEN,GEN,9,143083,184867,172557.6,P2
"SGMC - GOVT MEDICAL COLLEGE, SIDDIPET",BCB,FEM,GEN,5,73129,78351,74614.0,P2
"SGMC - GOVT MEDICAL COLLEGE, SIDDIPET",BCB,FEM,MRC,4,72325,78537,73464.4,P2
"SGMC - GOVT MEDICAL COLLEGE, SIDDIPET",BCB,GEN,GEN,11,74387,86024,80047.0,P2
"SGMC - GOVT MEDICAL COLLEGE, SIDDIPET",BCB,GEN,MRC,3,71405,81120,76719.4,P2
"SGMC - GOVT MEDICAL COLLEGE, SIDDIPET",BCC,GEN,MRC,2,131955,143504,136574.6,P1
"SGMC - GOVT MEDICAL COLLEGE, SIDDIPET",BCD,FEM,GEN,1,88749,88749,88749.0,P2
"SGMC - GOVT MEDICAL COLLEGE, SIDDIPET",BCD,FEM,MRC,6,74430,90885,88056.0,P2
"SGMC - GOVT MEDICAL COLLEGE, SIDDIPET",BCD,GEN,GEN,2,93859,94320,94043.4,P2
"SGMC - GOVT MEDICAL COLLEGE, SIDDIPET",BCD,GEN,MRC,6,90258,95120,92723.0,P2
"SGMC - GOVT MEDICAL COLLEGE, SIDDIPET",BCE,FEM,GEN,1,85299,85299,85299.0,P1
"SGMC - GOVT MEDICAL COLLEGE, SIDDIPET",BCE,GEN,GEN,3,81494,102314,96338.0,P2
"SGMC - GOVT MEDICAL COLLEGE, SIDDIPET",BCE,GEN,MRC,3,88687,105126,97506.2,P2
"SGMC - GOVT MEDICAL COLLEGE, SIDDIPET",EWS,FEM,GEN,3,81742,88090,82768.4,P2
"SGMC - GOVT MEDICAL COLLEGE, SIDDIPET",EWS,FEM,MRC,4,73654,84848,77181.0,P2
"SGMC - GOVT MEDICAL COLLEGE, SIDDIPET",EWS,GEN,GEN,8,94031,101255,95558.0,P2
"SGMC - GOVT MEDICAL COLLEGE, SIDDIPET",EWS,GEN,MRC,3,74374,91725,83487.6,P2
"SGMC - GOVT MEDICAL COLLEGE, SIDDIPET",OPEN,FEM,GEN,10,40990,66914,55918.6,P2
"SGMC - GOVT MEDICAL COLLEGE, SIDDIPET",OPEN,GEN,GEN,22,48657,71145,65942.2,P2
"SGMC - GOVT MEDICAL COLLEGE, SIDDIPET",SC,FEM,GEN,3,143727,157788,154959.0,P1
"SGMC - GOVT MEDICAL COLLEGE, SIDDIPET",SC,FEM,MRC,4,134713,144676,138339.6,P1
"SGMC - GOVT MEDICAL COLLEGE, SIDDIPET",SC,GEN,GEN,11,156513,169736,163046.0,P2
"SGMC - GOVT MEDICAL COLLEGE, SIDDIPET",SC,GEN,MRC,8,136822,165793,159534.2,P1
"SGMC - GOVT MEDICAL COLLEGE, SIDDIPET",ST,FEM,GEN,5,154960,174999,166313.2,P1
"SGMC - GOVT MEDICAL COLLEGE, SIDDIPET",ST,GEN,GEN,9,151740,180380,172692.4,P2
"SGMC - GOVT MEDICAL COLLEGE, SIDDIPET",ST,GEN,MRC,2,152578,160383,155700.0,P1
SHDN - SHADAN INSTITUTE OF MEDICAL SCIENCES,MIN,FEM,MSM,32,90488,162891,144864.2,P1
SHDN - SHADAN INSTITUTE OF MEDICAL SCIENCES,MIN,GEN,MSM,56,135480,179955,167471.0,P1
"SIMS - SINGARENI INSTITUTE OF MEDICAL SCEINCES, RAMAGUNDAM",BCA,FEM,GEN,3,204347,213999,208402.2,P2
"SIMS - SINGARENI INSTITUTE OF MEDICAL SCEINCES, RAMAGUNDAM",BCA,GEN,GEN,5,214766,243558,223986.2,P1
"SIMS - SINGARENI INSTITUTE OF MEDICAL SCEINCES, RAMAGUNDAM",BCB,FEM,GEN,3,147259,153705,148240.6,P2
"SIMS - SINGARENI INSTITUTE OF MEDICAL SCEINCES, RAMAGUNDAM",BCB,GEN,GEN,5,146518,156243,154190.4,P2
"SIMS - SINGARENI INSTITUTE OF MEDICAL SCEINCES, RAMAGUNDAM",BCB,GEN,SCL,1,225301,225301,225301.0,P1
"SIMS - SINGARENI INSTITUTE OF MEDICAL SCEINCES, RAMAGUNDAM",BCC,GEN,GEN,2,149741,213967,175431.4,P1
"SIMS - SINGARENI INSTITUTE OF MEDICAL SCEINCES, RAMAGUNDAM",BCD,FEM,GEN,1,149745,149745,149745.0,P3
"SIMS - SINGARENI INSTITUTE OF MEDICAL SCEINCES, RAMAGUNDAM",BCD,FEM,MRC,1,153730,153730,153730.0,P2
"SIMS - SINGARENI INSTITUTE OF MEDICAL SCEINCES, RAMAGUNDAM",BCD,GEN,GEN,7,145265,160420,154795.4,P2
"SIMS - SINGARENI INSTITUTE OF MEDICAL SCEINCES, RAMAGUNDAM",BCD,GEN,MRC,1,149297,149297,149297.0,P2
"SIMS - SINGARENI INSTITUTE OF MEDICAL SCEINCES, RAMAGUNDAM",BCD,GEN,SCL,1,223972,223972,223972.0,P2
"SIMS - SINGARENI INSTITUTE OF MEDICAL SCEINCES, RAMAGUNDAM",BCE,FEM,GEN,1,188532,188532,188532.0,P2
"SIMS - SINGARENI INSTITUTE OF MEDICAL SCEINCES, RAMAGUNDAM",BCE,GEN,GEN,1,166169,166169,166169.0,P2
"SIMS - SINGARENI INSTITUTE OF MEDICAL SCEINCES, RAMAGUNDAM",EWS,FEM,GEN,1,147163,147163,147163.0,P2
"SIMS - SINGARENI INSTITUTE OF MEDICAL SCEINCES, RAMAGUNDAM",EWS,GEN,GEN,1,147938,147938,147938.0,P2
"SIMS - SINGARENI INSTITUTE OF MEDICAL SCEINCES, RAMAGUNDAM",OPEN,FEM,CAP,1,223461,223461,223461.0,P2
"SIMS - SINGARENI INSTITUTE OF MEDICAL SCEINCES, RAMAGUNDAM",OPEN,FEM,GEN,18,100463,134309,124139.2,P2
"SIMS - SINGARENI INSTITUTE OF MEDICAL SCEINCES, RAMAGUNDAM",OPEN,FEM,SCL,1,214741,214741,214741.0,P2
"SIMS - SINGARENI INSTITUTE OF MEDICAL SCEINCES, RAMAGUNDAM",OPEN,GEN,GEN,36,99645,144771,134640.0,P2
"SIMS - SINGARENI INSTITUTE OF MEDICAL SCEINCES, RAMAGUNDAM",OPEN,GEN,SCL,2,190741,223469,203832.2,P1
"SIMS - SINGARENI INSTITUTE OF MEDICAL SCEINCES, RAMAGUNDAM",SC,FEM,GEN,9,182981,226484,213614.2,P2
"SIMS - SINGARENI INSTITUTE OF MEDICAL SCEINCES, RAMAGUNDAM",SC,GEN,GEN,12,194508,231470,219590.4,P2
"SIMS - SINGARENI INSTITUTE OF MEDICAL SCEINCES, RAMAGUNDAM",SC,GEN,SCL,1,254792,254792,254792.0,P2
"SIMS - SINGARENI INSTITUTE OF MEDICAL SCEINCES, RAMAGUNDAM",ST,FEM,GEN,5,203040,216211,211392.0,P1
"SIMS - SINGARENI INSTITUTE OF MEDICAL SCEINCES, RAMAGUNDAM",ST,GEN,GEN,8,191775,216044,204557.2,P1
"SIMS - SINGARENI INSTITUTE OF MEDICAL SCEINCES, RAMAGUNDAM",ST,GEN,SCL,1,304901,304901,304901.0,P1
"SURB - SURABHI INSTITUTE OF MEDICAL SCIENCES, SIDDIPET",BCA,FEM,GEN,4,300346,324399,321121.0,P2
"SURB - SURABHI INSTITUTE OF MEDICAL SCIENCES, SIDDIPET",BCA,GEN,GEN,4,326831,331268,328187.4,P2
"SURB - SURABHI INSTITUTE OF MEDICAL SCIENCES, SIDDIPET",BCB,FEM,GEN,3,214916,218938,217027.2,P2
"SURB - SURABHI INSTITUTE OF MEDICAL SCIENCES, SIDDIPET",BCB,GEN,GEN,10,216242,229167,224647.6,P2
"SURB - SURABHI INSTITUTE OF MEDICAL SCIENCES, SIDDIPET",BCC,GEN,GEN,3,307770,314806,309363.6,P2
"SURB - SURABHI INSTITUTE OF MEDICAL SCIENCES, SIDDIPET",BCD,FEM,GEN,3,207458,209835,208556.4,P2
"SURB - SURABHI INSTITUTE OF MEDICAL SCIENCES, SIDDIPET",BCD,GEN,GEN,7,196987,210846,210157.8,P2
"SURB - SURABHI INSTITUTE OF MEDICAL SCIENCES, SIDDIPET",BCE,FEM,GEN,1,223453,223453,223453.0,P3
"SURB - SURABHI INSTITUTE OF MEDICAL SCIENCES, SIDDIPET",BCE,GEN,GEN,3,218927,223906,222535.8,P3
"SURB - SURABHI INSTITUTE OF MEDICAL SCIENCES, SIDDIPET",OPEN,FEM,GEN,5,185138,191647,188903.8,P3
"SURB - SURABHI INSTITUTE OF MEDICAL SCIENCES, SIDDIPET",OPEN,GEN,GEN,8,188386,195691,191727.0,P2
"SURB - SURABHI INSTITUTE OF MEDICAL SCIENCES, SIDDIPET",SC,FEM,CAP,1,816259,816259,816259.0,P1
"SURB - SURABHI INSTITUTE OF MEDICAL SCIENCES, SIDDIPET",SC,FEM,GEN,3,306156,307686,307251.2,P2
"SURB - SURABHI INSTITUTE OF MEDICAL SCIENCES, SIDDIPET",SC,GEN,GEN,10,293727,311094,309281.4,P2
"SURB - SURABHI INSTITUTE OF MEDICAL SCIENCES, SIDDIPET",ST,FEM,GEN,4,286897,287160,287034.2,P2
"SURB - SURABHI INSTITUTE OF MEDICAL SCIENCES, SIDDIPET",ST,GEN,GEN,6,282050,292098,288585.0,P3
"SVSM - S.V.S. MEDICAL COLLEGE, MAHABUBNAGAR",BCA,FEM,GEN,2,225386,230324,227361.2,P1
"SVSM - S.V.S. MEDICAL COLLEGE, MAHABUBNAGAR",BCA,GEN,GEN,5,201464,267687,228412.2,P2
"SVSM - S.V.S. MEDICAL COLLEGE, MAHABUBNAGAR",BCB,FEM,GEN,1,128430,128430,128430.0,P2
"SVSM - S.V.S. MEDICAL COLLEGE, MAHABUBNAGAR",BCB,FEM,MRC,4,114445,125583,121274.0,P2
"SVSM - S.V.S. MEDICAL COLLEGE, MAHABUBNAGAR",BCB,GEN,GEN,3,121899,154045,141071.0,P2
"SVSM - S.V.S. MEDICAL COLLEGE, MAHABUBNAGAR",BCB,GEN,MRC,3,139804,157720,149981.6,P2
"SVSM - S.V.S. MEDICAL COLLEGE, MAHABUBNAGAR",BCC,FEM,GEN,1,234179,234179,234179.0,P1
"SVSM - S.V.S. MEDICAL COLLEGE, MAHABUBNAGAR",BCD,FEM,CAP,1,337082,337082,337082.0,P2
"SVSM - S.V.S. MEDICAL COLLEGE, MAHABUBNAGAR",BCD,FEM,GEN,2,135247,150585,141382.2,P2
"SVSM - S.V.S. MEDICAL COLLEGE, MAHABUBNAGAR",BCD,FEM,MRC,1,150110,150110,150110.0,P2
"SVSM - S.V.S. MEDICAL COLLEGE, MAHABUBNAGAR",BCD,GEN,GEN,3,155480,160294,156127.2,P3
"SVSM - S.V.S. MEDICAL COLLEGE, MAHABUBNAGAR",BCD,GEN,MRC,3,128637,148531,130394.6,P2
"SVSM - S.V.S. MEDICAL COLLEGE, MAHABUBNAGAR",BCE,FEM,GEN,1,113293,113293,113293.0,P1
"SVSM - S.V.S. MEDICAL COLLEGE, MAHABUBNAGAR",BCE,GEN,GEN,2,143840,144843,144241.2,P2
"SVSM - S.V.S. MEDICAL COLLEGE, MAHABUBNAGAR",BCE,GEN,MRC,1,138531,138531,138531.0,P2
"SVSM - S.V.S. MEDICAL COLLEGE, MAHABUBNAGAR",EWS,FEM,GEN,1,121999,121999,121999.0,P2
"SVSM - S.V.S. MEDICAL COLLEGE, MAHABUBNAGAR",EWS,GEN,GEN,3,129429,131610,129513.0,P2
"SVSM - S.V.S. MEDICAL COLLEGE, MAHABUBNAGAR",OPEN,FEM,GEN,5,71018,93725,80769.4,P1
"SVSM - S.V.S. MEDICAL COLLEGE, MAHABUBNAGAR",OPEN,GEN,GEN,14,59778,109460,90946.8,P2
"SVSM - S.V.S. MEDICAL COLLEGE, MAHABUBNAGAR",SC,FEM,GEN,5,176901,229964,214466.8,P2
"SVSM - S.V.S. MEDICAL COLLEGE, MAHABUBNAGAR",SC,GEN,GEN,7,225222,245399,237245.4,P2
"SVSM - S.V.S. MEDICAL COLLEGE, MAHABUBNAGAR",ST,FEM,GEN,2,213358,234255,221716.8,P2
"SVSM - S.V.S. MEDICAL COLLEGE, MAHABUBNAGAR",ST,GEN,GEN,5,228203,239140,233512.6,P2
"TRRM - TRR INSTITUTE OF MEDICAL SCIENCES, INOLE, PATANCHERU",BCA,FEM,GEN,2,322146,331465,325873.6,P3
"TRRM - TRR INSTITUTE OF MEDICAL SCIENCES, INOLE, PATANCHERU",BCA,GEN,GEN,3,331615,336989,332880.6,P3
"TRRM - TRR INSTITUTE OF MEDICAL SCIENCES, INOLE, PATANCHERU",BCB,FEM,GEN,3,222297,222828,222322.6,P3
"TRRM - TRR INSTITUTE OF MEDICAL SCIENCES, INOLE, PATANCHERU",BCB,GEN,GEN,9,223458,229597,226439.0,P3
"TRRM - TRR INSTITUTE OF MEDICAL SCIENCES, INOLE, PATANCHERU",BCC,GEN,GEN,1,315341,315341,315341.0,P3
"TRRM - TRR INSTITUTE OF MEDICAL SCIENCES, INOLE, PATANCHERU",BCD,FEM,GEN,5,208010,211904,211168.0,P2
"TRRM - TRR INSTITUTE OF MEDICAL SCIENCES, INOLE, PATANCHERU",BCD,GEN,CAP,1,280313,280313,280313.0,P2
"TRRM - TRR INSTITUTE OF MEDICAL SCIENCES, INOLE, PATANCHERU",BCD,GEN,GEN,10,213066,214648,213454.8,P3
"TRRM - TRR INSTITUTE OF MEDICAL SCIENCES, INOLE, PATANCHERU",BCE,FEM,GEN,1,224955,224955,224955.0,P2
"TRRM - TRR INSTITUTE OF MEDICAL SCIENCES, INOLE, PATANCHERU",BCE,GEN,GEN,2,223472,223877,223634.0,P2
"TRRM - TRR INSTITUTE OF MEDICAL SCIENCES, INOLE, PATANCHERU",OPEN,FEM,GEN,5,188795,190316,189894.6,P2
"TRRM - TRR INSTITUTE OF MEDICAL SCIENCES, INOLE, PATANCHERU",OPEN,GEN,GEN,11,191017,198241,194230.0,P3
"TRRM - TRR INSTITUTE OF MEDICAL SCIENCES, INOLE, PATANCHERU",SC,FEM,GEN,7,304439,311126,307774.4,P3
"TRRM - TRR INSTITUTE OF MEDICAL SCIENCES, INOLE, PATANCHERU",SC,GEN,GEN,7,309349,311427,310610.4,P3
"TRRM - TRR INSTITUTE OF MEDICAL SCIENCES, INOLE, PATANCHERU",ST,FEM,GEN,2,286218,292222,288619.6,P3
"TRRM - TRR INSTITUTE OF MEDICAL SCIENCES, INOLE, PATANCHERU",ST,GEN,GEN,6,265731,293694,292124.0,P3
VRKW - DR V R K WOMENS MEDICAL COLLEGE,MIN,FEM,MSM,60,78104,216243,194478.0,P2
